Source_Mol_ID,Target_Mol_ID,Source_Mol,Target_Mol,Source_Mol_LogD,Target_Mol_LogD,Delta_LogD,Source_Mol_Solubility,Target_Mol_Solubility,Delta_Solubility,Source_Mol_Clint,Target_Mol_Clint,Delta_Clint,Transformation,Core,Predicted_smi_1,Predicted_smi_2,Predicted_smi_3,Predicted_smi_4,Predicted_smi_5,Predicted_smi_6,Predicted_smi_7,Predicted_smi_8,Predicted_smi_9,Predicted_smi_10
CHEMBL3930979,CHEMBL3942540,CCOC(=O)C1=C(C)N(c2cccc(C(F)(F)F)c2)C(=O)N(C)C1c1ccc(C#N)cc1C(=O)NC,CCOC(=O)C1=C(C)N(c2cccc(C(F)(F)F)c2)C(=O)N(C)C1c1ccc(C#N)cc1C(=O)NCCN,2.3425786136419298,1.0811808519149098,"(-1.3, -1.1]",1.0461362177021325,2.392372183583189,low->high,1.9966041116651307,1.4307691506455258,no_change,[*:1]C>>[*:1]CCN,[*:1]NC(=O)c1cc(C#N)ccc1C1C(C(=O)OCC)=C(C)N(c2cccc(C(F)(F)F)c2)C(=O)N1C,CCOC(=O)C1=C(C)N(c2cccc(C(F)(F)F)c2)C(=O)N(C)C1c1ccc(C#N)cc1NC(=O)NC1CC1CC,CC1=C(CC(=O)NCC#N)NCN(C)C1c1ccc(C#N)cc1C(=O)Nc1cccc(C#N)c1,CCOC(=O)C1=C(C)N(c2cccc(C(F)(F)F)c2)C(=O)N(C)C1c1ccc(C#N)cc1C(=O)NCCC(C)N,CCOC(=O)C1=C(C)N(c2cccc(C(F)(F)F)c2)C(=O)N(C)C1c1ccc(C#N)cc1C(=O)NCCN,CCOC(=O)C1=C(C)N(c2cccc(C(F)(F)F)c2)C(=O)N(C)C1c1ccc(C#N)cc1CN1CCC(C(=O)1),CCOC(=O)C1=C(C)N(c2cccc(F)c2)C(=O)N(C)C1c1ccc(C#N)cc1C(=O)NC1CC1,CCOC(=O)C1=C(C)N(c2cccc(C(F)(F)F)c2)C(=O)N(C)C1c1ccc(C#N)cc1S(C)(=O)=O,COC=CCCNCc1c(C#N)ccc(C2N(C)C(=O)C(C(=O)OCC)=C(C)N2c2cccc(C(F)(F)F)c2)c1,CCOC(=O)C1=C(C)N(c2cccc(C(F)(F)F)c2)C(=O)N(C)C1c1ccc(C#N)cc1C(=O)NCN,CCOC(=O)C1=C(C)N(c2cccc(C(F)(F)F)c2)C(=O)N(C)C1c1ccc(C#N)cc1C(=O)NC1CCCC1
CHEMBL200028,CHEMBL202175,CC(C)(C)c1nc(N2CCN(CCCCn3ccc(-c4ccccc4)nc3=O)CC2)cc(C(F)(F)F)n1,CC(C)(C)c1ccn(CCCCN2CCN(c3cc(C(F)(F)F)nc(C(C)(C)C)n3)CC2)c(=O)n1,3.9886797244923966,4.277489043895147,"(0.1, 0.3]",0.7047380624585818,1.1426256130181942,no_change,1.763571528711798,1.5835199866943497,no_change,[*:1]c1ccccc1>>[*:1]C(C)(C)C,[*:1]c1ccn(CCCCN2CCN(c3cc(C(F)(F)F)nc(C(C)(C)C)n3)CC2)c(=O)n1,CC(c1cnc(N2CCN(CCCCn3ccc(-c4ccccc4)nc3=O)CC2)c(C(F)(F)F)c1)c1ccccc1,CC(C)(C)c1nc(N2CCN(CCCn3ccc(-c4ccccc4)nc3=O)C2)cc(C(F)(F)F)n1,CC(C)(C)c1nc(N2CCN(CCCCn3ccc(C(F)(F)F)nc3=O)CC2)cc(C(F)(F)F)n1,Cn1c(C(F)(F)F)nc(N2CCN(CCCCn3ccc(-c4ccccc4)nc3=O)CC2)c1,CC(C)(C)c1nc(N2CCN(CCCCn3ccc(-c4cccc(Cl)c4)nc3=O)CC2)cc(C(F)(F)F)n1,CC(C)c1nc(N2CCN(CCCCn3ccc(-c4ccccc4)nc3=O)CC2)cc(C(F)(F)F)n1,Cc1cc(C)n(CCCN2CCN(c3cc(C(F)(F)F)n(C(F)(F)F)n3)CC2)n1,CC(=O)c1cccc(CN2CCN(CCCn3ccc(-c4ccccc4)nc3=O)CC2)n1,Cc1cc(N2CCN(CCCCn3ccc(-c4ccccc4)nc3=O)CC2)cc(C(F)(F)F)n1,CC(C)C1CCCN1c1nc(N2CCN(CCCCn3ccc(-c4ccccc4)nc3=O)CC2)cc(C(F)(F)F)n1
CHEMBL3985733,CHEMBL3980949,COc1ccc(-c2cccc(Cl)c2F)cc1-n1c(=O)ccc2cc(S(=O)(=O)Nc3ccon3)ccc21,COc1ccc(-c2cc(Cl)ccc2F)cc1-n1c(=O)ccc2cc(S(=O)(=O)Nc3ccon3)ccc21,1.6029339928041295,1.5529160262802333,"(-0.1, 0.1]",2.391589676116141,2.5278895786677698,no_change,1.3458101888311134,1.1087916952743229,high->low,[*:1]c1cccc(Cl)c1F>>[*:1]c1cc(Cl)ccc1F,[*:1]c1ccc(OC)c(-n2c(=O)ccc3cc(S(=O)(=O)Nc4ccon4)ccc32)c1,CCC(C)c1cccc(-c2cc(OC)c3c(-c4ccco4)ccc3c2=O)c1C,COc1ccc(-c2ccc([N+](=O)[O-])c(OC)c2)cc1-n1c(=O)ccc2cc(S(=O)(=O)Nc3ccon3)ccc21,COc1ccc(N2CCC(N)CC2)cc1-n1c(=O)ccc2cc(S(=O)(=O)Nc3ccon3)ccc21,COc1ccc(-c2cccc(F)c2)cc1-n1c(=O)ccc2cc(S(=O)(=O)Nc3ccon3)ccc21,COc1ccc(-c2cccc3ccccc23)cc1-n1c(=O)ccc2cc(S(=O)(=O)Nc3ccon3)ccc21,COc1ccc(-c2cccc(Cl)c2)cc1-n1c(=O)ccc2cc(S(=O)(=O)Nc3cc[n+]([O-])c(Cl)c3)ccc21,COc1ccc(-c2ccc([N+](=O)[O-])cc2F)cc1-n1c(=O)ccc2cc(S(=O)(=O)Nc3ccon3)ccc21,COc1ccc(-c2ccc(Cl)nc2)cc1-n1c(=O)ccc2cc(S(=O)(=O)Nc3ccon3)ccc21,COc1ccc(-c2cccc(CO)c2F)cc1-n1c(=O)ccc2cc(S(=O)(=O)Nc3ccon3)ccc21,COc1ccc(-c2cnc3ccccc3c2)cc1-n1c(=O)ccc2cc(S(=O)(=O)Nc3ccon3)ccc21
CHEMBL3647877,CHEMBL3647779,N#CC1CC(C(=O)N2CC3(CCC3)C2)CCC1n1cc(C(N)=O)c(Nc2ccc(Cl)cc2)n1,CC1(NC2CCC(n3cc(C(N)=O)c(Nc4ccc(Cl)cc4)n3)C(C#N)C2)CC1,3.069809650239,2.4099099354345284,"(-0.7, -0.5]",0.7112251452172673,1.8765381408503183,low->high,1.340143988997313,1.0084805132923047,high->low,[*:1]C(=O)N1CC2(CCC2)C1>>[*:1]NC1(C)CC1,[*:1]C1CCC(n2cc(C(N)=O)c(Nc3ccc(Cl)cc3)n2)C(C#N)C1,CN(C)CC1CC(C(=O)N2CC3(CCC3)C2)CCC1n1cc(C(N)=O)c(Nc2ccc(Cl)cc2)n1,N#CC1CC(C(=O)N2CC3(CCC3)C2)CCC1n1cc(C#N)c(Nc2ccncc2)n1,N#CC1CC(C(=O)N2CC3(CCC3)C2)CCC1n1cc(C(N)=O)c(NC2CC(F)(F)C2)n1,N#CC1CC(C(=O)N2CC3(CC3)C2)CCC1n1cc(C(N)=O)c(Nc2nc3ccc(Cl)cc3s2)n1,N#CC1CC(C(=O)N2CC3(CC3)C2)CCC1n1cc(C(N)=O)c(Nc2ccc(Cl)cc2)n1,N#CC1CC(C(=O)N2CC3(CCC3)C2)CCC1n1cc(C(N)=O)c(NCc2ccc(F)cc2)n1,Cn1cc(C#N)nc1C(=O)N1CC2(CCC2)CCC1n1cc(C(N)=O)c(Nc2ccc(Cl)cc2)n1,N#CC1C(C(=O)N2CC3(CCC3)C2)CCC1n1cc(C(N)=O)c(OCc3ccccc3F)n1,N#CC1CC(C(=O)N2CC3(CCC3)C2)CCC1n1cc(C(N)=O)c(Nc2cccc(Cl)c2)n1,N#CC1CC(C(=O)N2CC3(CCC3)C2)CCC1n1cc(C(N)=O)c(C(F)(F)F)n1
CHEMBL1725371,CHEMBL1521501,Cc1cccc(NC(=O)Cn2cnc3sc(C)c(S(=O)(=O)N4CCC(C)CC4)c3c2=O)n1,CCN(CC)CCNC(=O)Cn1cnc2sc(C)c(S(=O)(=O)N3CCC(C)CC3)c2c1=O,2.946905997056073,0.8278141449013909,"(-2.3, -2.1]",0.912917385216717,2.7141830205773134,low->high,2.093598995394521,1.5914710908650016,no_change,[*:1]c1cccc(C)n1>>[*:1]CCN(CC)CC,[*:1]NC(=O)Cn1cnc2sc(C)c(S(=O)(=O)N3CCC(C)CC3)c2c1=O,COCCNC(=O)Cn1cnc2sc(C)c(S(=O)(=O)N3CCC(C)CC3)c2c1=O,Cc1nsc2nc(C)c(S(=O)(=O)N3CCC(C)CC3)c(=O)n12,Cc1nc2sc(C)c(S(=O)(=O)N3CCC(C)CC3)c2c(=O)n1Cc1ccc(N)o1,Cc1nc2sc(C)c(S(=O)(=O)N3CCC(C)CC3)c2c(=O)n1Cc1ccc(O)cc1,Cc1nsc2ncn(CC(=O)NCc3nc4ccccc4[nH]3)c(=O)c12,Cc1nsc2ncn(CC(=O)Nc3nccn3C)c(=O)c12,Cc1nc(CC(=O)NC2CCC(O)C2)c2sc(S(=O)(=O)N3CCC(C)CC3)c2c1=O,COc1cccc(NC(=O)Cn2cnc3sc(C)c(S(=O)(=O)N4CCC(C)CC4)c3c2=O)n1,COCC(CO)CNC(=O)c1nc2sc(C)c(S(=O)(=O)N3CCC(C)CC3)c2c1=O,Cc1nnc(C(=O)NCCCO)c2c(=O)c(C)c(S(=O)(=O)N3CCC(C)CC3)cnc2s1
CHEMBL17759,CHEMBL17426,CC(=O)c1cccc(OCCCN2CCC(C(O)(c3ccc(F)cc3)c3ccc(F)cc3)CC2)c1,CC(=O)c1ccc(OCCCN2CCC(C(O)(c3ccc(F)cc3)c3ccc(F)cc3)CC2)c(C)c1,3.76056044986251,4.031362331257412,"(0.1, 0.3]",1.939297812068875,1.2326070554741078,high->low,1.501630173214188,1.4403142715459851,no_change,[*:1]c1cccc(C(C)=O)c1>>[*:1]c1ccc(C(C)=O)cc1C,[*:1]OCCCN1CCC(C(O)(c2ccc(F)cc2)c2ccc(F)cc2)CC1,COc1cccc(OCCCN2CCC(C(O)(c3ccc(F)cc3)c3ccc(F)cc3)CC2)c1,CN(CCC#N)Cc1cccc(OCCCN2CCC(C(O)(c3ccc(F)cc3)c3ccc(F)cc3)CC2)c1,OC(c1ccc(F)cc1)(O)C1CCN(CCCOc2ccccc2F)CC1,CCc1ccc(C(O)(c2ccc(F)cc2)C2CCN(CCCOc3cccc(C(C)=O)c3)CC2)cc1,CCn1nccc1C(O)CCCN1CCC(C(O)(c2ccc(F)cc2)c2ccc(F)cc2)CC1,CC(=O)c1ccc(OCCCN2CCC(C(O)(c3ccc(F)cc3)c3ccc(F)cc3)CC2)cc1,Cc1ccc(C(=O)N2CCCN(CCCOc3cccc(C(F)(F)F)c3)CC2)cc1,OC(c1ccc(F)cc1)(O)C1(c2ccc(F)cc2)CCN(CCCOc2ccccc2)CC1,N#Cc1ccccc1OCCCN1CCC(C(O)(c2ccc(F)cc2)c2ccc(F)cc2)CC1,N#Cc1ccc(C(O)(c2ccc(F)cc2)CCN2CCC(Oc3cccc(C(F)(F)F)c3)CC2)cc1
CHEMBL3899102,CHEMBL4108899,CC(C)=C(F)C(C)NC(=O)C1CC2CC2N1C(=O)Cn1nc(C(N)=O)c2ccccc21,CC(C)(C)C(F)CNC(=O)C1CC2CC2N1C(=O)Cn1nc(C(N)=O)c2ccccc21,2.3546820107399973,2.329872380002418,"(-0.1, 0.1]",2.6151255107411613,2.5080176019414173,no_change,1.94134992832266,1.8421983028401447,no_change,[*:1]C(C)C(F)=C(C)C>>[*:1]CC(F)C(C)(C)C,[*:1]NC(=O)C1CC2CC2N1C(=O)Cn1nc(C(N)=O)c2ccccc21,CC(C)=C(F)C(C)NC(=O)C1CC2CCC2N1C(=O)Cn1nc(C(N)=O)c2ccccc21,CC(C)=C(F)C(=O)NC(=O)C1CC2CC2N1C(=O)Cn1nc(C(N)=O)c2ccccc21,Cc1ccc(NC(=O)C2CC3CC3N2C(=O)Cn2nc(C(N)=O)c3ccccc32)cc1F,NC(=O)c1c2c(n2CC(NC(=O)C3CC3)CC3CC3N2C(=O)Cn3nc(C(N)=O)c4ccccc43)c2cc1F,CN(C)C(=O)C1CC2CCC2N1C(=O)Cn1nc(C(N)=O)c2ccccc21,CC(C)=C(F)C(F)NC(=O)C1CC2CC2N1C(=O)Cn1nc(C(N)=O)c2ccccc21,CC(C)=C(F)C(F)NC(=O)C1CC2CCC2N1C(=O)Cn1nc(-c2cocn2)c2ccccc21,CC(C)=C(F)C(C)NC(=O)C1CC2CCC2N1C(=O)Cn1nc(C(C)O)c2ccccc21,CC(C)=C(F)C(F)NC(=O)C1CC2CCC2N1C(=O)Cn1nc(C(N)=O)c2ccccc21,Cc1ccc(F)c(CNC(=O)C2CC3CCC2N3C(=O)Cn2nc(C(N)=O)c3ccccc23)c1
CHEMBL293371,CHEMBL122746,O=C(NC1C(CO)OC(n2cnc3c(NC4CCCC4)ncnc32)C1O)c1ccc(F)c(Cl)c1,Cc1ccc(C(=O)NC2C(CO)OC(n3cnc4c(NC5CCCC5)ncnc43)C2O)cc1,3.1402306018098534,2.67132628856968,"(-0.5, -0.3]",2.001884698261369,2.1877764513866578,no_change,1.7272277145495152,1.5045764502608812,no_change,[*:1]c1ccc(F)c(Cl)c1>>[*:1]c1ccc(C)cc1,[*:1]C(=O)NC1C(CO)OC(n2cnc3c(NC4CCCC4)ncnc32)C1O,O=C(NC1C(CO)OC(n2cnc3c(NC4CCCC4)ncnc32)C1O)c1ccc(Cl)c(Cl)n1,O=C(NC1C(CO)OC(n2cnc3c(NC4CCC4)ncnc32)C1O)c1ccc(F)cc1,O=C(CN1C(=O)OC(n2cnc3c(NC4CCCC4)ncnc32)C1O)c1cc(F)c(F)c(F)c1,O=C(NC1C(CO)OC(n2cnc3c(NC4CCCC4)ncnc32)C1O)c1cccc(C(F)(F)F)c1,O=C(NC1C(CO)OC(n2cnc3c(NC4CCCC4)ncnc32)C1O)c1ccc(F)cc1,O=C(NC1C(CO)OC(n2cnc3c(NC4CCCC4)ncnc32)C1O)c1ccc(Cl)cc1Cl,CC(=O)OC(C)CNC(=O)C1C(O)C(n2cnc3c(NC4CCCC4)ncnc32)C1O,CCc1cccc(C(=O)NC2C(CO)OC(n3cnc4c(NC5CCCC5)ncnc43)C2O)c1F,O=C(c1ccccc1)NC1C(CO)OC(n2cnc3c(NC4CCCC4)ncnc32)C1O,CC1(NC(=O)c2ccc(F)c(F)c2)C(O)C(n2cnc3c(NC4CCCC4)ncnc32)O1
CHEMBL401727,CHEMBL272113,CCNC(=O)Nc1ncnc2c1ncn2C1OC(CSCC(C)O)C2OC(C=Cc3ccccc3)OC21,CCNC(=O)Nc1ncnc2c1ncn2C1OC(CCC(=O)O)C2OC(C=Cc3ccccc3)OC21,2.5117391674350427,-0.0369834004969757,"(-2.7, -2.5]",1.6792672682470562,2.7979091354710155,low->high,1.599993065352925,1.3626539962983804,no_change,[*:1]CSCC(C)O>>[*:1]CCC(=O)O,[*:1]C1OC(n2cnc3c(NC(=O)NCC)ncnc32)C2OC(C=Cc3ccccc3)OC12,COCC1OC2C(C(=O)O)OC(n3cnc4c(NC(=O)NCC=O)ncnc43)OC2CO1,CCNC(=O)Nc1ncnc2c1ncn2C1OC(CCSc2cccnc2)C2OC(C=Cc3ccccc3)OC21,CC(O)C(NC(=O)CN)C1OC(n2cnc3c(NCCO)ncnc32)C2OC(C=Cc3ccccc3)OC21,CN(C)CCNC(=O)Nc1ncnc2c1ncn2C1OC(COC(C)CO)C2OC(C=Cc3ccccc3)OC21,CCNC(=O)Nc1ncnc2c1ncn2C1OC(COC(C)(C)O)C2OC(C=Cc3ccccc3)OC21,CCOC(=O)C1C(OC)OC2OC(n3cnc4c(NC(=O)NCCN5CCCC5)ncnc43)C21,COCCOC1C(n2cnc3c(NC(=O)NCCNC(C)=O)ncnc32)OC(C=Cc2ccccc2)OC1,COC(=O)c1ncnc2c1ncn2C1OC(CSCC(C)O)C2OC(C=Cc3ccccc3)OC21,CCNC(=O)C(=O)NC(O)C1OC(n2cnc3c(NC)ncnc32)COC1,C=C(O)CSCCC1OCC2OC(n3cnc4c(NC(=O)CSCC(N)C4)nc32)OC(C=Cc2ccccc2)O1
CHEMBL292879,CHEMBL57429,Nc1c(F)ccc(-n2cc(C(=O)O)c(=O)c3cc(F)c(N4CCC(N)C4)nc32)c1F,Nc1ccc(F)c(-n2cc(C(=O)O)c(=O)c3cc(F)c(N4CCC(N)C4)nc32)c1,-0.3931570575873886,-0.3540114580153268,"(-0.1, 0.1]",2.0878939658537377,2.25129478719472,no_change,0.733424157400399,0.834655128618971,no_change,[*:1]c1ccc(F)c(N)c1F>>[*:1]c1cc(N)ccc1F,[*:1]n1cc(C(=O)O)c(=O)c2cc(F)c(N3CCC(N)C3)nc21,CN1CCCC(C(=O)O)C1c1cn(-c2ccc(F)c(F)c2)c2nc(N)c(F)cc12,Nc1cccc(-n2cc(C(=O)O)c(=O)c3cc(F)c(N4CCC(N)C4)nc32)c1,NS(=O)(=O)c1ccc(-n2cc(C(=O)O)c(=O)c3cc(F)c(N4CCC(N)C4)nc32)c(F)c1,Nc1ccc(-c2cc(F)c3c(=O)c(C(=O)O)cn(-c4ccc(F)c(F)c4)c3c2F)nc1,Nc1c(F)ccc(-n2cc(CC(=O)O)c(=O)c3cc(F)c(N4CCOC(C(=O)O)C4)nc32)c1F,Nc1c(F)ccc(-n2cc(C(=O)O)c(=O)c3cc(F)c(N4CCC(CN)C4)nc32)c1F,CNC(=O)c1cc(F)c2c(=O)c(C(=O)O)cn(-c3ccc(F)c(N)c3)c2n1,Nc1c(F)ccc(-n2cc(C(=O)O)c(=O)c3cc(F)c(N4CCCC4)nc32)c1F,Nc1c(F)ccc(-n2cc(C(=O)O)c(=O)c3cc(F)c(N4CCOCC4)nc32)c1F,CCCOc1ccc(-n2cc(C(=O)O)c(=O)c3cc(F)c(N4CCC(N)C4)nc32)c(F)c1
CHEMBL3679551,CHEMBL3679537,COC(=O)c1c(CNC(=O)c2ccc(Cl)cc2)c(=O)c2ccc(Cl)cc2n1-c1ccccc1,CNC(=O)c1ccc(C(=O)NCc2c(C(=O)OC)n(-c3ccccc3)c3cc(Cl)ccc3c2=O)cc1,3.519160493550149,2.780621544099576,"(-0.9, -0.7]",0.1115198675828501,0.953198865119882,no_change,1.4826224457569437,1.2351673776224157,high->low,[*:1]Cl>>[*:1]C(=O)NC,[*:1]c1ccc(C(=O)NCc2c(C(=O)OC)n(-c3ccccc3)c3cc(Cl)ccc3c2=O)cc1,COC(=O)c1c(CNC(=O)c2cccn2C)c(=O)c2ccc(Cl)cc2n1-c1ccccc1,COC(=O)c1c(CNC(=O)c2ccc3ccncc3c2)c(=O)c2ccc(Cl)cc2n1-c1ccccc1,Cc1cc(F)ccc1C(=O)NCc1c(C(=O)OC)c2ccc(Cl)cc2n(-c2ccccc2)c1=O,COC(=O)c1c(CNC(=O)c2ccc(F)cn2)c(=O)c2ccc(Cl)cc2n1-c1ccccc1,COC(=O)c1c(CNC(=O)c2ccc(F)cc2)c(=O)c2ccc(Cl)cc2n1-c1ccccc1,COC(=O)c1c(CNC(=O)CSc2nc(N)ccc2Br)c(=O)c2ccc(Cl)cc2n1-c1ccccc1,COC(=O)c1c(CNC(=O)c2cccs2)c(=O)c2ccc(Cl)cc2n1-c1ccccc1,COC(=O)c1c(CNC(=O)c2ccccc2)c(=O)c2ccc(Cl)cc2n1-c1ccccc1,COC(=O)c1c(CNC(=O)c2cccc(F)c2)c(=O)c2ccc(Cl)cc2n1-c1ccccc1,COC(=O)c1c(CNC(=O)c2ccc(Cl)c(O)c2)c(=O)c2ccc(Cl)cc2n1-c1ccccc1
CHEMBL4111835,CHEMBL4106898,CN(C)c1ccc(-c2nc(C(=O)Nc3cnn(C)c3C3CCC(N)C(F)CO3)cs2)cn1,Cn1ncc(NC(=O)c2csc(-c3ccccc3)n2)c1C1CCC(N)C(F)CO1,1.6287652439316982,1.7560798135623998,"(0.1, 0.3]",2.1348593990947924,2.370447777983351,no_change,1.2399390103268086,1.2026510182196275,no_change,[*:1]c1ccc(N(C)C)nc1>>[*:1]c1ccccc1,[*:1]c1nc(C(=O)Nc2cnn(C)c2C2CCC(N)C(F)CO2)cs1,COC1CCN(c2nc(C(=O)Nc3cnn(C)c3C3CCC(N)C(F)CO3)cs2)CC1,Cn1ncc(NC(=O)c2nc(-c3ccc(F)c(Cl)c3)sc2C2CC(N)C(F)CO2)c1C(F)CO,Cc1cn(C)c(C(=O)Nc2cnn(C)c2C2CCC(N)C(F)CO2)c1,Cn1ncc(NC(=O)c2nc(-c3ccc(S(C)(=O)=O)nc3)cs2)c1C1CCC(N)C(F)CO1,Cn1cc(NC(=O)c2csc(-c3ccccc3OF)n2)cn1,Cn1ncc(NC(=O)c2nc(-c3cccnc3)sc2C2CCC(N)CO2)c1C1CCC(N)CO1,Cn1ncc(NC(=O)c2nc(-c3ccccn3)sc2C2CCC(N)C(F)CO2)c1C(F)(F)F,Cn1ccc(NC(=O)c2nc(-c3ccc(F)nc3)sc2C2CCC(N)C(F)CO2)c1F,COc1ccc(N)c(NC(=O)c2csc(-c3ccc(C)nc3)n2)c1,Cn1cnc(-c2nc(C(=O)Nc3cnn(C)c3C3CCC(N)C(F)CO3)cs2)c1
CHEMBL260528,CHEMBL448145,O=C(NC1CCC2(O)C3Cc4ccc(O)c5c4C2(CCN3CC2CC2)C1O5)c1ccccn1,O=C(C=Cc1ccccc1[N+](=O)[O-])NC1CCC2(O)C3Cc4ccc(O)c5c4C2(CCN3CC2CC2)C1O5,0.9878602253161576,2.260500955856809,"(1.1, 1.3]",2.7911744022641605,2.0886314569972817,no_change,1.423469269016285,1.9649068417643791,no_change,[*:1]c1ccccn1>>[*:1]C=Cc1ccccc1[N+](=O)[O-],[*:1]C(=O)NC1CCC2(O)C3Cc4ccc(O)c5c4C2(CCN3CC2CC2)C1O5,N#Cc1ccc2c(c1O)C1(O)CCC(NC(=O)c3ccccn3)C1OC2,N#Cc1ccc(N2CCC3(O)C4Cc5ccc(O)c6c5C3(CCN4CC3CC3)C2O6)cc1OC,O=C(NC1CCC2(O)C3Cc4ccc(O)c5c4C2(CCN3CC2CC2)C1O5)c1cc(N2CCOCC2)nc2ccncncc12,O=C(Nc1cccc(F)c1)C1CCC2(O)C3Cc4ccc(O)c5c4C2(CCN3CC2CC2)C1O5,O=C(NC1CCC2(O)C3Cc4ccc(O)c5c4C2(CCN3CC2CC2)C1O5)c1ccccc1F,O=C1CC2(O)C3Cc4ccc(O)c5c4C2(CCN3CC2CC2)C1O5,CC(C)(CO)C(=O)NC(=O)C1CCC2(O)C3Cc4ccc(O)c5c4C2(CCN3CC2CC2)C1O5,O=C(NC1CCC2(O)C3Cc4ccc(O)c5c4C2(CCN3CCc3ccccc3F)C1O5)c1ccnc2scnc12,O=C(NC1CCC2(O)C3Cc4ccc(O)c5c4C2(CCN3CC2CC2)C1O5)c1cccc(Cl)c1,O=C(NC1CCC2(O)C3Cc4ccc(O)c5c4C2(CCN3CC2CC2)C1O5)c1cc(Cl)cnc1Cl
CHEMBL3913730,CHEMBL4112245,Cc1c(NS(=O)(=O)c2ccc(-c3cccc(CN(C)C)c3)cc2)c(CC(C)C)nn1C,Cc1c(NS(=O)(=O)c2ccc(-c3cccc(CN4CCCC4C)c3)cc2)c(CC(C)C)nn1C,2.6919610179170705,3.05871324239838,"(0.3, 0.5]",2.1497522185620297,2.116655695769655,no_change,1.3848303531752022,1.7721219488305366,no_change,[*:1]N(C)C>>[*:1]N1CCCC1C,[*:1]Cc1cccc(-c2ccc(S(=O)(=O)Nc3c(CC(C)C)nn(C)c3C)cc2)c1,Cc1c(NS(=O)(=O)c2ccc(-c3cccc(OC)c3)cc2)c(CC(C)C)nn1C,Cc1c(NS(=O)(=O)c2ccc(-c3cccc(Cl)c3)cc2)c(CC(C)C)nn1C,Cn1nc(C)c(S(=O)(=O)Nc2ccc(-c3cccc(CN(C)C)c3)cc2)c1Cl,CCc1nn(C)c(F)c1Cc1ccc(S(=O)(=O)Nc2ccc(C(C)C)cc2)c(CC(C)C)c1,Cc1c(NS(=O)(=O)c2ccc(-c3cccc(O)c3)cc2)c(CC(C)C)nn1C,Cc1c(NS(=O)(=O)c2ccc(-c3cccc(CC(F)(F)F)c3)cc2)c(CC(C)C)nn1C,CNC(=O)c1cccc(-c2ccc(S(=O)(=O)Nc3c(CC(C)C)nn(C)c3C)cc2)c1,Cc1c(NS(=O)(=O)c2ccc(-c3ccccc3)cc2)c(CC(C)(C)N)nn1C,Cc1c(NS(=O)(=O)c2ccc(-c3cccc(N4CCN(C)CC4)c3)cc2)c(CC(C)C)nn1C,Cc1c(NS(=O)(=O)c2ccc(-c3cccc(CN(C)C)c3)cc2)c(C(C)C)nn1C
CHEMBL2064299,CHEMBL2064287,O=C1C(Oc2ccccc2)C(c2ccccc2)N1CCn1cnc2c(NCc3ccccc3)ncnc21,O=C1C(OCc2ccccc2)C(c2ccccc2)N1CCn1cnc2c(NCc3ccccc3)ncnc21,3.530192349654268,3.46841954757744,"(-0.1, 0.1]",0.5904513847758068,0.5816199343987578,no_change,2.5432713641064755,2.8457363196628824,no_change,[*:1]c1ccccc1>>[*:1]Cc1ccccc1,[*:1]OC1C(=O)N(CCn2cnc3c(NCc4ccccc4)ncnc32)C1c1ccccc1,COc1ccccc1CN1CCN(C(=O)c2ncnc3c2C(=O)C(c2ccccc2)C3c2ccccc2)CC1,O=C1C(Oc2ccccc2)C(c2ccccc2)N1CCn1cnc2c(-c3ccco3)ncnc21,O=C1C(Oc2ccccc2)C(c2ccccc2)N1CCn1cnc2c(-c3ccccc3F)ncnc21,CC(C)(O)C(=O)N1CCN(c2ncc3c(NCc4ccccc4)ncnc3n2)C(=O)C1=O,O=C1C(Oc2cccnc2)C(c2ccccc2)N1CCn1cnc2c(NCc3ccccc3)ncnc21,O=C1C(Oc2ccccc2)C(c2ccccc2)N1CCn1cnc2c(OCc3ccccc3)ncnc21,O=C1C(Oc2ccccc2)C(c2ccccc2)N1CCn1cnc2c(NCc3ccncc3)ncnc21,O=C1C(Oc2ccccc2)C(c2ccccc2)N1CCn1cnc2c(Nc3cc(F)cc(F)c3F)ncnc21,O=C1C(Oc2cccc(Cl)c2)C(c2ccccc2)N1CCn1cnc2c(NCc3ccccc3)ncnc21,COc1ccc(CN2CCc3c(NCc4ccccc4)ncnc3C2)cc1
CHEMBL3729912,CHEMBL3730398,Cc1nc(NC(C)c2cccc(-c3ccc(F)nc3C)c2)cc(-c2ccc3ncsc3c2)n1,Cc1nc(NC(C)c2cccc(-c3ccc(N4CCOCC4)nc3)c2)cc(-c2ccc3ncsc3c2)n1,4.484292122558271,4.447146128932149,"(-0.1, 0.1]",0.7749010988264905,0.5300890451249651,no_change,1.5377834456786226,1.7462069885136913,no_change,[*:1]c1ccc(F)nc1C>>[*:1]c1ccc(N2CCOCC2)nc1,[*:1]c1cccc(C(C)Nc2cc(-c3ccc4ncsc4c3)nc(C)n2)c1,Cc1nc(NC(C)c2cccc(-c3ccn[nH]3)c2)cc(-c2ccc3ncsc3c2)n1,Cc1nc(NC(C)c2cccc(-c3ccc(F)nc3)c2)cc(-c2ccccc2)n1,Cc1nc(NC(C)c2cccc(N3CCOCC3)c2)cc(-c2ccc3ncsc3c2)n1,Cc1nc(NC(C)c2cccc(OC3CC(N(C)C)C3)c2)cc(-c2ccc3ncsc3c2)n1,Cc1nc(NC(C)c2cccc(-c3ccc(N)nc3)c2)cc(-c2ccc3ncsc3c2)n1,Cc1nc(NC(C)c2cccc(OC(F)F)c2)cc(-c2ccc3ncsc3c2)n1,Cc1nc(NCC(O)c2cc(-c3ccc(F)nc3C)cc(-c3ccc(F)nc3C)c2)n1,Cc1cccc(C(C)Nc2cc(-c3ccc4ncsc4c3)nc(C)n2)c1,COCCn1cccc1C(C)Nc1cc(C)nc(-c2ccc3ncsc3c2)n1,Cc1nccc(-c2ccc(NC(C)c3cc(-c4ccc5ncsc5c4)cc(-c4ccc5ncsc5c4)n3)cc2)c1
CHEMBL1630918,CHEMBL1630916,Cc1ccccc1C1C2CSCN2C2(C(=O)Nc3ccccc32)C12Cc1ccccc1C2=O,O=C1c2ccccc2CC12C(c1ccc([N+](=O)[O-])cc1)C1CSCN1C21C(=O)Nc2ccccc21,4.053252859359324,3.734807231441828,"(-0.5, -0.3]",0.8130645667757017,1.254385188357009,no_change,1.9278323569956248,1.7697806957275009,no_change,[*:1]c1ccccc1C>>[*:1]c1ccc([N+](=O)[O-])cc1,[*:1]C1C2CSCN2C2(C(=O)Nc3ccccc32)C12Cc1ccccc1C2=O,CCN1C2C3c4ccccc4C3(C(=O)Nc3ccccc32)C12Cc1ccccc1C2=O,O=C1Nc2ccccc2C23C(=O)N(Cc4ccccc4)C2c2ccccc2C3c2ccc(Br)cc21,CCc1cccc(C2C3CSCN3C3(C(=O)Nc4ccccc43)C23Cc2ccccc2C3=O)c1,COc1cccc(CC2C3CSCN3C3(C(=O)Nc4ccccc43)C23Cc2ccccc2C3=O)c1,Cc1ccccc1C1C2CSCN2C2(C(=O)Nc3cccc(F)c32)C12Cc1ccccc1C2=O,O=C1C2Cc3ccccc3C(=O)N2C2(C(=O)Nc3ccccc32)C12Cc1ccccc1C21CCCC1,Cc1ccc2c(c1)C12C(C(=O)N2CCC2c2ccccc2)CSC21C(=O)Nc1ccccc12,CC(c1ccc(F)cc1)C1C2CSCN2C2(C(=O)Nc3ccccc32)C12Cc1ccccc1C2=O,CCCNCC1C2CSCN2C2(C(=O)Nc3ccccc32)C12Cc1ccccc1C2=O,Cc1ccccc1C1C2CSCN2C2(C(=O)Nc3cccc(Br)c32)C12Cc1ccccc1C2=O
CHEMBL1510870,CHEMBL1579551,CC1(C)CC(=O)C2=C(C1)N(c1ccccc1)C(N)=C(C#N)C2c1cccnc1,CC1(C)CC(=O)C2=C(C1)N(c1ccccc1)C(N)=C(C#N)C2c1ccsc1,2.344639115770232,3.2891423992767272,"(0.9, 1.1]",1.7619346350066047,0.8175878579232179,high->low,1.14381079845371,1.7667746105233688,low->high,[*:1]c1cccnc1>>[*:1]c1ccsc1,[*:1]C1C(C#N)=C(N)N(c2ccccc2)C2=C1C(=O)CC(C)(C)C2,N#CC1=C(N(C2=C(C#N)C(c3cccnc3)C2)c2cccnc2)C2=C(C(=O)CC2)N1,COc1ccc(C(=O)C2=C(C3)N(c4ccccc4)C(N)=C(C#N)C3c3cccnc3)C2cc1,CC1(C)CC(=O)C2=C(C1)N(c1ccccc1)C(N)=C(C#N)C2c1ccccc1C(F)(F)F,CC1(C)CC(=O)C2=C(C1)N(c1ccccc1)C(N)=C(C#N)C2c1ccc(Cl)nc1,CCCS(=O)(=O)NC1NC2=C(CC(=O)C(C)(C)c3cccnc3)C(C)(C)C2c2cccnc21,CC1(C)CC(=O)C2=C(C1)N(c1ccccc1)C(N)=C(C#N)C2c1cccc(Cl)c1,CCCc1ccc(N2C(=N)C3=C(C(=O)CC3)Cc3cccnc32)cc1,CCCCOc1ccc(N2C3=C(CC(=O)CC3C)C(C#N)=C(C#N)C2c2cccnc2)cc1,CC1(C)CC(=O)C2=C(C1)N(c1ccccc1)C(N1CCc3ccccc31)C2c1cccnc1,CCc1ccc(C(=O)C2(C#N)N=C(N)C3c2cccnc3)cc1
CHEMBL3949228,CHEMBL3900821,Cc1c(Cl)cccc1CNc1nc(NC2CC2)n2ncc(C=C3NC(=O)NC3=O)c2n1,O=C1NC(=O)C(=Cc2cnn3c(NC4CC4)nc(NCc4cc(Cl)ccc4F)nc23)N1,4.108750804680918,3.789002444260153,"(-0.5, -0.3]",-0.1072429627038975,0.1741438831418997,no_change,1.4539713035140944,1.3299129651581172,no_change,[*:1]c1cccc(Cl)c1C>>[*:1]c1cc(Cl)ccc1F,[*:1]CNc1nc(NC2CC2)n2ncc(C=C3NC(=O)NC3=O)c2n1,Cc1nc2cc(C=C3NC(=O)NC3=O)nn2c(NC3CC3)n1,O=C1NC(=O)C(=Cc2cnn3c(NC4CC4)nc(NCc4ccc(Cl)cc4Cl)nc23)N1,O=C1NC(=O)C(=Cc2cnn3c(NC4CC4)nc(N4CCOC4)nc23)N1,O=C1NC(=O)C(=Cc2cnn3c(NC4CC4)nc(NCCc4ccccc4Br)nc23)N1,Cc1cccc(S(=O)(=O)Nc2nc(NC3CC3)n3ncc(C=C4NC(=O)NC4=O)c3n2)c1,COc1ccc(Oc2nc(NC3CC3)n3ncc(C=C4NC(=O)NC4=O)c3n2)cc1OC,CC(OC)c1nc(NC2CC2)n2ncc(C=C3NC(=O)NC3=O)c2n1,O=C1NC(=O)C(=Cc2cnn3c(NC4CC4)nc(N4CCCCC4)nc23)N1,O=C1NC(=O)C(=Cc2cnn3c(NC4CC4)nc(-c4ccccc4)nc23)N1,CC(C)Nc1nc(NC2CC2)n2ncc(C=C3NC(=O)NC3=O)c2n1
CHEMBL3663280,CHEMBL3663258,Cc1cncc(-c2nnc3n2CC(C)N(Cc2cccc(C(F)(F)F)c2Cl)C3=O)c1,CC1Cn2c(nnc2-c2ccncn2)C(=O)N1Cc1cccc(C(F)(F)F)c1Cl,2.550574027073328,2.3167514282038426,"(-0.3, -0.1]",1.566090194403525,1.6630959882257617,no_change,1.5243539708947849,1.4123403601769782,no_change,[*:1]c1cncc(C)c1>>[*:1]c1ccncn1,[*:1]c1nnc2n1CC(C)N(Cc1cccc(C(F)(F)F)c1Cl)C2=O,COc1cccc(-c2nnc3n2CC(C)N(Cc2cccc(C(F)(F)F)c2Cl)C3=O)c1OC,CC(c1nnc2n1CC(C)N(Cc1cccc(C(F)(F)F)c1Cl)C2=O)C(=O)N2CCC2,CC1CN(Cc2cccc(C(F)(F)F)c2Cl)C(=O)c2nnc(-c3ccco3)n2CC1,CC1CCN(Cc2cccc(C(F)(F)F)c2Cl)C(=O)c2nnc(-c3nccs3)n2CC1,CC1CN(Cc2cccc(C(F)(F)F)c2Cl)C(=O)c2nnc(C(=O)c3ccc[nH]3)n2C1,Cc1nnc2n1CC(C)N(Cc1cccc(C(F)(F)F)c1Cl)C2=O,CC(N1C(=O)c2cccc(C(F)(F)F)c2Cl)C(=O)c2nnc(N3CCCCC3)n12,Cc1ccnc(-c2nnc3n2CC(C)N(Cc2cccc(C(F)(F)F)c2Cl)C3=O)c1,COc1cccc(-c2nnc3n2CC(C)N(Cc2cccc(C(F)(F)F)c2Cl)C3=O)c1,CN(Cc1cccc(C(F)(F)F)c1Cl)n1c(-c2cnnc3ccsc23)nnc1Cc1ccccc1
CHEMBL3968914,CHEMBL3906751,CCN(CCO)c1ncc(C(=O)Nc2ccc(SC(F)(F)F)cc2)cc1-c1cncnc1,CN(CCO)c1ncc(C(=O)Nc2ccc(SC(F)(F)F)cc2)cc1-c1cncnc1,3.9808532009130215,3.851415057471143,"(-0.3, -0.1]",1.0788302630145572,1.81331633945628,low->high,1.9642295873037785,1.971981076736792,no_change,[*:1]CC>>[*:1]C,[*:1]N(CCO)c1ncc(C(=O)Nc2ccc(SC(F)(F)F)cc2)cc1-c1cncnc1,CCN(CCO)c1ncc(C(=O)Nc2ccc(F)cc2F)cc1-c1cncnc1,CC(C)(CN)NCn1cc(C(=O)Nc2ccc(SC(F)(F)F)cc2)cc1-c1cncnc1,CCN(CCO)c1ncc(C(=O)Nc2ccc(C)cc2)cc1-c1cncnc1,CCN(CCO)c1ncc(C(=O)Nc2ccc(C#N)cc2)cc1-c1cncnc1,COCC(=O)Nc1ccc(C(=O)Nc2ccc(SC(F)(F)F)cc2)c(-c2cncnc2)c1,CN(C)C(CO)c1ncc(C(=O)Nc2ccc(SC(F)(F)F)cc2)cc1-c1cncnc1,O=C(Nc1ccc(SC(F)(F)F)cc1)c1cnc(CCO)c(-c2cncnc2)c1,CN(C)C(=O)c1ncc(C(=O)Nc2ccc(SC(F)(F)F)cc2)cc1-c1cncnc1,CCN(CCO)c1ncc(C(=O)Nc2ccc(N3CCN(C)CC3)cc2)cc1-c1cncnc1,CN(CCO)c1ncc(C(=O)Nc2ccc(C3CC3)cc2)cc1-c1cncnc1
CHEMBL3924091,CHEMBL3911536,O=C1NC(=O)C(=Cc2cnn3c(NC4CC4)nc(NCc4cnc(Br)s4)nc23)N1,NC1CCCCC1Nc1nc(NC2CC2)n2ncc(C=C3NC(=O)NC3=O)c2n1,2.960446312242264,0.2591572843030594,"(-2.9, -2.7]",0.4769893187764023,2.8376860928051024,low->high,1.2560866310286094,1.2718540017335156,no_change,[*:1]Cc1cnc(Br)s1>>[*:1]C1CCCCC1N,[*:1]Nc1nc(NC2CC2)n2ncc(C=C3NC(=O)NC3=O)c2n1,CNCC1CCN(c2nc(NC3CC3)n3ncc(C=C4NC(=O)NC4=O)c3n2)C1,O=C1NC(=O)C(=Cc2cnn3c(NC4CC4)nc(NC4CC(O)C4)nc23)N1,NC1CCC(Nc2nc(NC3CC3)n3ncc(C=C4NC(=O)NC4=O)c3n2)C1,CN(C)C1CCN(c2nc(NC3CC3)n3ncc(C=C4NC(=O)NC4=O)c3n2)C1,O=C1NC(=O)C(=Cc2cnn3c(NC4CC4)nc(NCc4ccncc4)nc23)N1,O=C1NC(=O)C(=Cc2cnn3c(NC4CC4)nc(N4CCNCC4)nc23)N1,O=C1NC(=O)C(=Cc2cnn3c(NC4CC4)nc(NC4CC(C(=O)O)CC4)nc23)N1,NC1CCOCC1CNc1nc(NC2CC2)n2ncc(C=C3NC(=O)NC3=O)c2n1,CC(O)CNc1nc(NC2CC2)n2ncc(C=C3NC(=O)NC3=O)c2n1,O=C(O)CNc1nc(NC2CC2)n2ncc(C=C3NC(=O)NC3=O)c2n1
CHEMBL4114489,CHEMBL4107807,COc1ncccc1-c1nc(C(=O)Nc2cnn(C)c2C2CCC(N)C(F)CO2)cs1,Cc1cccnc1-c1nc(C(=O)Nc2cnn(C)c2C2CCC(N)C(F)CO2)cs1,1.4860583305642483,1.303488259095231,"(-0.3, -0.1]",2.317944062904464,2.489390429697069,no_change,1.0699074142462608,0.971773698915883,no_change,[*:1]c1cccnc1OC>>[*:1]c1ncccc1C,[*:1]c1nc(C(=O)Nc2cnn(C)c2C2CCC(N)C(F)CO2)cs1,Cn1ncc(NC(=O)c2csc(-c3ccccn3)n2)c1C1CCC(N)C(F)CO1,Cn1ncc(NC(=O)c2csc(-c3cccnc3N)n2)c1C1CCC(N)C(F)CO1,Cn1cc(NC(=O)c2csc(-c3cccnc3Br)n2)cc1C1CCC(N)C(F)CO1,Cn1ncc(NC(=O)c2nc(NC(=O)c3ccco3)sc2C2CCC(N)C(F)CO2)c1CF,COc1ncccc1-c1nc(C(=O)Nc2ccn(C)c2C2CCC(N)CO2)cs1,CC(O)c1ccc(NC(=O)c2csc(-c3ccncc3COC)n2)cc1C1CCC(N)C(F)CO1,Cn1nccc1NC(=O)c1csc(-c2cnco2)n1,Cn1ncc(NC(=O)c2csc(-c3ccc(=O)n(C)c3)n2)c1C1CCC(N)CO1,Cn1ncc(NC(=O)c2csc(OC(C)C)n2)c1C1CCC(N)C(F)CO1,Cc1ncc(-c2nc(C(=O)Nc3cnn(C)c3C3CCC(N)C(F)CO3)cs2)cn1
CHEMBL2325330,CHEMBL2323101,N#Cc1cc(S(=O)(=O)Nc2ncns2)ccc1Oc1ccc(Cl)cc1-c1cn[nH]c1,N#Cc1cc(S(=O)(=O)Nc2cscn2)ccc1Oc1ccc(Cl)cc1-c1cn[nH]c1,0.9499126489112502,2.3818294753412204,"(1.3, 1.5]",2.725521431223654,1.9646897486253807,no_change,2.342749574080912,2.2350401694109894,no_change,[*:1]c1ncns1>>[*:1]c1cscn1,[*:1]NS(=O)(=O)c1ccc(Oc2ccc(Cl)cc2-c2cn[nH]c2)c(C#N)c1,C=CCSc1cc(C#N)ccc1Oc1ccc(Cl)cc1-c1cn[nH]c1,N#Cc1cc(S(=O)(=O)Nc2ccc(F)c(Cl)c2)ccc1Oc1ccc(Cl)cc1-c1cn[nH]c1,CC1(Oc2ccc(Oc3ccc(S(=O)(=O)Nc4ncns4)cc3C#N)cc2)CCCC1,N#Cc1cc(S(=O)(=O)Nc2ncns2)ccc1Oc1ccc(Cl)cc1-c1cccs1,Cc1nc(-c2ccc(Cl)cc2Oc2ccc(S(=O)(=O)Nc3ncns3)cc2C#N)no1,CC(=O)N1CCCC1Oc1ccc(Oc2ccc(S(=O)(=O)Nc3ncns3)cc2C#N)cc1,COc1cc(Oc2ccc(S(=O)(=O)Nc3ncns3)cc2C#N)ccc1F,Cc1ccc(Oc2ccc(Cl)cc2-c2cnn[nH]2)c(C#N)c1,COc1ccc(-c2ccn[nH]2)cc1Oc1ccc(S(=O)(=O)Nc2ncns2)cc1C#N,Cc1cncnc1-c1ccc(Oc2ccc(Cl)cc2C#N)cc1
CHEMBL500650,CHEMBL526344,COc1ccc(NS(=O)(=O)c2cc(C(F)(F)F)cc(C(F)(F)F)c2)cc1,Cc1ccc(NS(=O)(=O)c2cc(C(F)(F)F)cc(C(F)(F)F)c2)cc1,3.396060973993264,3.727324508271221,"(0.3, 0.5]",1.2291795659911764,0.9217276621478052,no_change,1.9247456679752624,2.307408244330672,no_change,[*:1]OC>>[*:1]C,[*:1]c1ccc(NS(=O)(=O)c2cc(C(F)(F)F)cc(C(F)(F)F)c2)cc1,CN(c1ccc(C(F)(F)F)cc1)S(=O)(=O)c1cc(C(F)(F)F)cc(C(F)(F)F)c1,COc1ccc(NS(=O)(=O)c2cc(C(F)(F)F)cc(-c3ccc(F)cc3)c2)cc1,COc1ccccc1NS(=O)(=O)c1cc(C(F)(F)F)cc(C(F)(F)F)c1,COc1ccc(NS(=O)(=O)c2cc(Cl)cc(C(F)(F)F)c2)cc1,O=S(=O)(Nc1ccc2c(c1)OCCO2)c1cc(C(F)(F)F)cc(C(F)(F)F)c1,COc1ccc(NS(=O)(=O)c2cc(C(F)(F)F)cc(-c3cccnc3)c2)cc1,O=S(=O)(Nc1ccc(Cl)c(Cl)c1)c1cc(C(F)(F)F)cc(C(F)(F)F)c1,Cc1ccc(NS(=O)(=O)c2cc(C(F)(F)F)cc(C(F)(F)F)c2)cc1,COc1ccc(NS(=O)(=O)c2cc(C(F)(F)F)cc(C(F)(F)F)c2F)cc1,COc1ccc(NS(=O)(=O)c2cc(C(F)(F)F)cc(C(Cl)(F)F)c2)cc1
CHEMBL3676879,CHEMBL3676867,CC(C)(O)CC(=O)NC1CCC(CCN2CCC(c3coc4ccccc34)CC2)CC1,O=C(NC1CCC(CCN2CCC(c3coc4ccccc34)CC2)CC1)C1(O)CC1,1.9922996891722209,2.4220508777483976,"(0.3, 0.5]",2.803995682154538,2.588540398936212,no_change,1.0163513831726103,1.0412108832177018,no_change,[*:1]CC(C)(C)O>>[*:1]C1(O)CC1,[*:1]C(=O)NC1CCC(CCN2CCC(c3coc4ccccc34)CC2)CC1,CC(C)(O)C(=O)NC1CCC(CCN2CCC(c3cccc(OC(F)(F)F)c3)CC2)CC1,O=C(Cc1ccccc1)NC1CCC(CCN2CCC(c3coc4ccccc34)CC2)CC1,CC(C)(O)C(=O)NC1CCC(CCN2CCC(c3ccoc3C)CC2)CC1,O=C(NC1CCC(Oc2cnccn2)CC1)C1CCC(CCN2CCC(c3coc4ccccc34)CC2)CC1,O=C(C1CCC(CCN2CCC(c3coc4ccccc34)CC2)CC1)c1cc(F)ccc1F,CC(C)(O)CC(=O)NC1CCC(CCN2CCC(c3cnc4ccccc4n3)CC2)CC1,CC(O)(C)CNC1CCC(CCN2CCC(c3coc4ccccc34)CC2)CC1,COc1ccc(C(=O)NC2CCC(CCN3CCC(c4coc5ccccc45)CC3)CC2)cn1,COC(=O)c1ccc2occ(C3CCC(N4CCC(CNC(=O)CC(C)(C)O)CC4)CC3)c2c1,CC(C)(O)C(=O)NC1CCC(CCN2CCC(c3coc4ccccc34)CC2)CC1
CHEMBL3653016,CHEMBL3653071,Fc1cccc(CNc2cccc(-c3cc(NC4CCC(F)(F)CC4)ncc3Cl)n2)c1,CN(C)C(=O)C1CCC(Nc2cc(-c3cccc(NCc4cccc(F)c4)n3)c(Cl)cn2)C1,4.560456324152707,4.5452818871065785,"(-0.1, 0.1]",-0.6371421191067559,0.0912290327736558,no_change,2.026731604161616,2.7787919412500592,no_change,[*:1]C1CCC(F)(F)CC1>>[*:1]C1CCC(C(=O)N(C)C)C1,[*:1]Nc1cc(-c2cccc(NCc3cccc(F)c3)n2)c(Cl)cn1,Fc1cccc(CNc2cc(-c3cc(NC4CCC(F)(F)CC4)ncc3Cl)ncc2Cl)c1,Fc1cccc(CNc2cccc(-c3cc(Nc4ncnn4C)ncc3Cl)n2)c1,O=C(NC1CCC(F)(F)C1)c1cccc(NCc2cccc(Cl)c2)n1,Fc1cncc(Cl)c1Nc1cccc(-c2cc(NC3CCC(F)(F)CC3)ncc2Cl)n1,CN(Cc1cccc(-c2cc(NC3CCC(F)(F)CC3)ncc2Cl)n1)C1CCCC1,Oc1cccc(CNc2cccc(-c3cc(NC4CCC(F)(F)CC4)ncc3Cl)n2)c1,CC1(Nc2cc(-c3cccc(NCc4cccc(F)c4)n3)c(Cl)cn2)CCCO1,Oc1ccc(CNc2cccc(-c3cc(NC4CCC(F)(F)CC4)ncc3Cl)n2)cc1F,Cc1cccc(CNc2cccc(-c3cc(NC4CCC(F)(F)CC4)ncc3Cl)n2)c1,CN(C)c1cccc(-c2cc(NC3CCC(F)(F)CC3)ncc2Cl)n1
CHEMBL496578,CHEMBL2413397,CCOc1ccc(N(CC(=O)NC(C)CC)S(=O)(=O)c2ccc(Br)cc2)cc1,CCOc1ccc(NS(=O)(=O)c2ccc(Br)cc2)cc1,3.254129180759029,3.783210619946451,"(0.5, 0.7]",0.30559118375898,0.8746555123123537,no_change,2.2199662179585458,1.737509732960704,no_change,[*:1]CC(=O)NC(C)CC>>[*:1][H],[*:1]N(c1ccc(OCC)cc1)S(=O)(=O)c1ccc(Br)cc1,CCOc1ccc(N(CC(=O)N2CCCC2C(=O)OC)S(=O)(=O)c2ccc(Br)cc2)cc1,CCOc1ccc(N(CC(=O)NC(C)C)S(=O)(=O)c2ccc(Br)cc2)cc1,Cc1ccc(N(CC(=O)NC(C)CC)S(=O)(=O)c2ccc(Br)cc2)cc1,COc1ccc(N(CC(=O)NC(C)C)S(=O)(=O)c2ccc(Br)cc2)cc1,CCOc1ccc(N(CC(=O)NC(C)C)S(=O)(=O)c2ccc(NC(=O)c3ccccc3F)cc2)cc1,CCNC(=O)C(Nc1ccc(CC)cc1)S(=O)(=O)c1ccc(Br)cc1,CCN(c1ccc(Cl)cc1)S(=O)(=O)c1ccc(Br)cc1,COc1ccc(N(CC(=O)NC(C)C)S(=O)(=O)c2ccc(OC)cc2)cc1,CCOc1ccc(N(CC(=O)NC(C)C)S(=O)(=O)c2ccc(C)cc2)cc1,CC(=O)c1ccc(N(CC(=O)NC(C)C)S(=O)(=O)c2ccc(Br)cc2)cc1
CHEMBL3688890,CHEMBL3688943,CC1COCCN1c1nc(N2CCOCC2C)c2ccc(-c3ccc(Cl)cc3)nc2n1,COc1ccc(-c2ccc3c(N4CCOCC4C)nc(N4CCOCC4C)nc3n2)cc1N,4.074481749994067,2.691061787262848,"(-1.5, -1.3]",0.3563114758652101,1.2118756734504643,no_change,1.2570378063785452,1.12596103145864,no_change,[*:1]c1ccc(Cl)cc1>>[*:1]c1ccc(OC)c(N)c1,[*:1]c1ccc2c(N3CCOCC3C)nc(N3CCOCC3C)nc2n1,CC(C)Oc1cc(CCN2CCOCC2C)nc2c1N(C1COCC1)CC2,CCC(CO)Nc1ccc(-c2ccc3c(N4CCOCC4C)nc(N4CCOCC4C)nc3n2)nc1,CCN(CC)c1nc(N2CCOCC2C)c2ccc(-c3ccc(Cl)cc3)nc2n1,CC1COCCN1c1nc(N2CCOCC2C)c2ccc(-c3ccc(F)c(CO)c3)nc2n1,COCCN1CCN(c2nc(N3CCOCC3C)c3ccc(-c4ccc(Cl)cc4)nc3n2)CC1,CC1COCCN1c1nc(N2CCOCC2C)c2ccc(-c3ccc(CO)cc3)nc2n1,COc1cc(-c2ccc3c(N4CCOCC4C)nc(N4CCOCC4C)nc3n2)ccn1,COc1ccc2c(N3CCOCC3C)nc(N3CCOCC3C)nc2n1,CC1COCCN1c1nc(N2CCOCC2C)c2ccc(-c3ccc[nH]3)nc2n1,CC1COCCN1c1nc(N2CCOCC2C)c2ccc(-c3ccc(CN4CCC(N)CC4)cc3)nc2n1
CHEMBL216986,CHEMBL2171259,COc1cccc(Cn2c3ccc(Cl)cc3c3ccc(C(C)C(=O)O)cc32)c1,COc1ccc(Cn2c3ccc(Cl)cc3c3ccc(C(C)C(=O)O)cc32)cc1,2.948586696025332,2.975656841198524,"(-0.1, 0.1]",2.408328225515926,2.3099595503658383,no_change,0.8341842740202194,0.8592538534614944,no_change,[*:1]c1cccc(OC)c1>>[*:1]c1ccc(OC)cc1,[*:1]Cn1c2ccc(Cl)cc2c2ccc(C(C)C(=O)O)cc21,COCc1cccc(Cn2c3ccc(Cl)cc3c3ccc(C(C)C(=O)O)cc32)c1,CC(C(=O)O)c1ccc2cc(OCc3ccccc3C(=O)O)ccc2c1Cl,COc1cccc(Cn2c3ccc(Cl)cc3c3ccc(OC)cc32)c1,CC1C(=O)Oc2ccc(Cl)cc2Cc2cnn(CC3CCCCO3)c21,COc1cccc(Cn2c3ccc(Cl)cc3c3ccc(O)cc32)c1,COc1cccc(Cn2c3ccc(Cl)cc3c3ccc(C(C)CO)cc23)c1,COc1cccc(Cn2c3ccc(Cl)cc3c3ccc(Cl)cc32)c1,COc1cccc(Cn2c3ccc(Cl)cc3c3ccc(NC(=O)CO)cc32)c1,COc1cccc(Cn2c3ccc(Cl)cc3c3ccc(NC(=O)C4CCCO4)cc32)c1,COc1cccc(Cn2c3ccc(Cl)cc3c3ccc([N+](=O)[O-])cc32)c1
CHEMBL1401103,CHEMBL1728716,Cc1ccc(C2=NN(S(C)(=O)=O)C(c3ccc4nccnc4c3)C2)cc1,CS(=O)(=O)Nc1ccc(C2=NN(S(C)(=O)=O)C(c3ccc4nccnc4c3)C2)cc1,2.8049653948279616,1.4109332336077671,"(-1.5, -1.3]",1.5353027299299464,1.6871127883366972,no_change,1.2673223878841635,0.6569760764351366,no_change,[*:1]C>>[*:1]NS(C)(=O)=O,[*:1]c1ccc(C2=NN(S(C)(=O)=O)C(c3ccc4nccnc4c3)C2)cc1,COCCN1C=C(c2ccc(C)cc2)Cc2ccncc21,Cc1ccc(C2=NN(S(C)(=O)=O)C(c3ccc([N+](=O)[O-])cc3)C2)cc1,Cc1ccc(C2=NN(S(C)(=O)=O)C(c3ccc(C(=O)O)cc3)C2)cc1,CC1N=[N+]([O-])C(c2ccc3nccnc3c2)C1c1ccc(F)cc1,Cc1ccc(C2=NN(S(C)(=O)=O)C(c3ccc(N)nc3)C2)cc1,CNS(=O)(=O)Cc1ccc2c(c1)C(c1ccccn1)=NC(c1ccc(C)cc1)=N2,Cc1ccc(C2=NNC(S(C)(=O)=O)C(c3ccc4c(c3)NC4=O)C2)cc1,Cn1c(S(C)(=O)=O)cc2cccnc21,Cc1ccc(C2=NNC(CN3CC(O)C3)C2)cc1S(C)(=O)=O,Cc1ccc(C2=NNN(S(C)(=O)=O)C(c3ccncn3)C2)cc1
CHEMBL3979227,CHEMBL3980780,O=C1COc2ccc(C3(O)c4ccccc4C(=O)N3c3ccccc3F)cc2N1,Cc1cccc(N2C(=O)c3ccccc3C2(O)c2ccc3c(c2)NC(=O)CO3)c1,2.99983378467452,3.600111652205438,"(0.5, 0.7]",2.1413695967042257,1.9599592125168293,no_change,1.523270552451892,1.7845147462646818,no_change,[*:1]c1ccccc1F>>[*:1]c1cccc(C)c1,[*:1]N1C(=O)c2ccccc2C1(O)c1ccc2c(c1)NC(=O)CO2,O=C1COc2ccc(C3(O)c4ccccc4C(=O)N3c3ccccc3)cc2N1,O=C1COc2ccc(C3(O)c4ccccc4C(=O)N3c3cccc(Br)c3)cc2N1,O=C1COc2ccc(C3(O)c4ccccc4C(=O)N3c3cccc(F)c3F)cc2N1,O=C1COc2ccc(C3(O)c4ccccc4C(=O)N3c3ccc(Cl)c(Cl)c3)cc2N1,O=C1COc2ccc(C3(O)c4ccccc4C(=O)N3c3ccc(F)cc3)cc2N1,COc1ccccc1-c1ccc2c(c1)N(C(=O)c1ccccc1F)CO2,O=C1COc2ccc(C3(O)c4ccccc4C(=O)N3c3cccc(F)c3)cc2N1,O=C1COc2ccc(C3(O)c4ccccc4C(=O)N3c3c(F)cccc3Cl)cc2N1,COc1cccc(C2(O)c3ccccc3C(=O)N2c2ccccc2F)c1,O=C1COc2ccc(C3(O)c4ccccc4C(=O)N3c3cc(F)cc(F)c3)cc2N1
CHEMBL313243,CHEMBL293928,O=C(Cc1cc(CN2CCCC2)c(O)c(CN2CCCC2)c1)OCc1ccco1,O=C(O)Cc1cc(CN2CCCC2)c(O)c(CN2CCCC2)c1,0.279835808972231,-1.0837108495907697,"(-1.5, -1.3]",2.2230676716220814,1.7108848197721942,no_change,1.7153626158022357,0.4518252435228889,high->low,[*:1]Cc1ccco1>>[*:1][H],[*:1]OC(=O)Cc1cc(CN2CCCC2)c(O)c(CN2CCCC2)c1,O=C(O)c1cc(CN2CCCC2)c(O)c(CN2CCCCC2)c1,O=C(Cc1cc(CN2CCCC2)c(O)c(CCO)c1)OCc1ccco1,O=C(Cc1cc(CN2CCN3CCCC3C2)c(O)c(CN2CCCC2)c1)OCc1cccnc1,O=C(Cc1cc(CN2CCOCC2)c(O)c(CN2CCCC2)c1)OCc1ccoc1,N#CC(=O)OCc1cc(CN2CCCC2)c(O)c(CN2CCCC2)c1,NC(=O)Cc1cc(CN2CCCC2)c(O)c(CN2CCCC2)c1OCc1ccco1,O=C(Cc1cc(CN2CCC(C(=O)O)CC2)c(O)c(CN2CCCC2)c1)OCc1ccco1,O=C(COc1cccc(C(=O)OCc2ccco2)c1O)c1ccccc1,O=C(Cc1cc(C2CCCN2)c(O)c(CN2CCCO2)c1)OCc1cccnc1,Cc1cc(C)ccc1C(=O)Cc1cc(CN2CCCC2)c(O)c(CN2CCCC2)c1
CHEMBL1288009,CHEMBL1288277,COc1ccc(-c2cc3c(NC4CCCNC4)ncc(C(N)=O)c3s2)cc1,COc1ccc(F)cc1-c1cc2c(NC3CCCNC3)ncc(C(N)=O)c2s1,1.8151581690953584,1.987055912667809,"(0.1, 0.3]",1.974118180974499,2.060812825125655,no_change,1.3704712770632526,1.1876281714107169,high->low,[*:1]c1ccc(OC)cc1>>[*:1]c1cc(F)ccc1OC,[*:1]c1cc2c(NC3CCCNC3)ncc(C(N)=O)c2s1,COc1ccc(-c2cc3c(NC(=O)C4CC4)ncc(C(N)=O)c3s2)cc1,NC1CCCN(c2ncc(C(N)=O)s2)c2cc(-c3ccc(F)cc3)cc(NC3CCCNC3)c21,NC1CCCN1c1ncc(C(N)=O)c2sc(-c3ccc(F)cc3)cc12,NC1CCN(c2ncc(C(N)=O)c3sc(-c4ccc(F)cc4)cc23)CC1,N#Cc1ccc(-c2cc3c(NC4CCCNC4)ncc(C(N)=O)c3s2)cc1,NC1CCCNC1c1cnc(-c2cc(F)cc(OC(F)F)c2)c2sc(C3CC3)nc12,NC1CCN(c2ccc(F)cc2)CCN1,COc1cc(-c2cc3c(NC4CCCNC4)ncc(C(=O)N4CCC(O)C4)c3s2)cc(OC)c1,COc1ccc(-c2cc3c(NCC4CCNC4)ncc(C(O)CO)c3s2)cc1,NC1CCCN(c2csc(-c3ccccc3)c2)CC1
CHEMBL2359080,CHEMBL1864189,CCOC(=O)C1(C)CCCN(C(=O)c2cccc(OC(F)(F)F)c2)C1,COCCNC(=O)C1(C)CCCN(C(=O)c2cccc(OC(F)(F)F)c2)C1,3.284884766455185,2.159068146412692,"(-1.3, -1.1]",2.521934198145183,2.8153663686554675,no_change,2.54719519436142,1.8845191745894585,no_change,[*:1]C(=O)OCC>>[*:1]C(=O)NCCOC,[*:1]C1(C)CCCN(C(=O)c2cccc(OC(F)(F)F)c2)C1,O=C(c1cccc(OC(F)(F)F)c1)N1CCCC(c2ccc(C(=O)OC3CC3)cc2)C1,CCOC(=O)C1(C)CCCN(C(=O)c2cccc(OC)c2)C1,CCOC(=O)C1(C)CCCN(C(=O)c2cccc(N3CCC3)c2)C1,CCOC(=O)C1(C)CCCN(C(=O)c2ccccc2Cl)C1,CCOC(=O)C1(C)CCCN(C(=O)c2cccc(NC(=O)C(F)(F)F)c2)C1,CC(=O)OCC1(C)CCCN(C(=O)c2cccc(OC(F)(F)F)c2)C1,CCOC(=O)C1(C)CCCN(C(=O)c2cccc(C#N)c2)C1,CCOC(=O)C1(C)CCCN(C(=O)c2ccc[nH]2)C1,CCOC(=O)C1(C)CCCN(C(=O)c2cccnc2C)C1,CCOC(=O)C1(C)CCCN(C(=O)c2cccc(N)c2)C1
CHEMBL1368285,CHEMBL1599195,Cc1ccc(-c2ccc(=O)n(CC(=O)NCc3ccc(F)cc3)n2)cc1,Cc1ccc(-c2ccc(=O)n(CC(=O)NC(C)c3ccccc3)n2)cc1,3.286190708713308,3.298890781406698,"(-0.1, 0.1]",0.987112233976478,1.3693826932019533,no_change,2.29136358769221,2.23432935885522,no_change,[*:1]Cc1ccc(F)cc1>>[*:1]C(C)c1ccccc1,[*:1]NC(=O)Cn1nc(-c2ccc(C)cc2)ccc1=O,Cc1ccc(NC(=O)Cn2nc(-c3ccc(C)cc3)ccc2=O)cc1,O=C(Cn1c(-c2ccc(F)cc2)nc2ccc(OC(F)F)cc2c1=O)NCc1ccc(F)cc1,O=C(Cn1c(-c2ccc(F)cc2)nc2ccc(F)cc21)NCc1ccc(F)cc1,CCOC(=O)Cn1c(-c2ccc(C)cc2)nc(C(=O)NCc2ccc(F)cc2)n1,Cc1ccc(-c2ccc(=O)n(CC(=O)Nc3ccc(Cl)cc3C)n2)cc1,O=C(Cn1c(-c2ccc(F)cc2)nc2cc(F)ccc21)NCc1ccc(F)cc1,Cc1ccc(-c2ccc(=O)n(CC(=O)NCc3ccccc3F)n2)cc1,Cc1ccc(-c2ccc(=O)n(CC(=O)NCc3ccccn3)n2)cc1,Cc1ccc(-c2ccc(=O)n(CC(=O)NC3CCCO3)n2)cc1,Cc1ccc(=O)n(CC(=O)NCC2CCCO2)n1
CHEMBL1583924,CHEMBL1324278,CCc1ccc(NC(=O)C2CCN(S(=O)(=O)c3cccs3)CC2)cc1,Cc1ccc(CNC(=O)C2CCN(S(=O)(=O)c3cccs3)CC2)cc1,3.265666323604997,2.7224317557019373,"(-0.7, -0.5]",-0.0500848509854572,0.0072939741897295,no_change,2.135721738371984,2.0199772685332125,no_change,[*:1]c1ccc(CC)cc1>>[*:1]Cc1ccc(C)cc1,[*:1]NC(=O)C1CCN(S(=O)(=O)c2cccs2)CC1,O=C(Nc1ccccc1)C1CCN(S(=O)(=O)c2cccs2)CC1,CCc1ccc(NC(=O)C2CCN(S(=O)(=O)c3ccco3)CC2)cc1,O=C(NC1CCCN(S(=O)(=O)c2cccs2)CC1)c1cc(F)cc(F)c1,CCc1ccc(NC(=O)C2CCN(S(=O)(=O)c3ccccc3)CC2)cc1,CCSc1ccc(NC(=O)C2CCN(S(=O)(=O)c3cccs3)CC2)cc1,CCc1ccc(NC(=O)C2CCN(S(=O)(=O)c3cccc([N+](=O)[O-])c3)CC2)cc1,CC(=O)c1ccc(NC(=O)C2CCN(S(=O)(=O)c3cccs3)CC2)cc1,O=C(Nc1ccccc1[N+](=O)[O-])C1CCN(S(=O)(=O)c2cccs2)CC1,Cc1oc(C)c(CNC(=O)C2CCN(S(=O)(=O)c3cccs3)C2)c1C,Cc1ccc(NC(=O)C2CCN(S(=O)(=O)c3cccs3)CC2)cc1
CHEMBL352871,CHEMBL2112299,CC12CCC(O)CC1=CCC1C2CCC2(C)C(n3cccn3)=CCC12,CC12CCC(O)CC1=CCC1C2CCC2(C)C(c3ccncc3)=CCC12,3.4917377746382545,3.6076084982974,"(0.1, 0.3]",1.0990089816972897,0.566684768039599,no_change,1.7251372673124317,1.850302367140017,no_change,[*:1]n1cccn1>>[*:1]c1ccncc1,[*:1]C1=CCC2C3CC=C4CC(O)CCC4(C)C3CCC12C,CC12CCC(O)CC1=CCC1C2CCCC2(C)C(n3cccc3C)=CCC12,CC12CCC(O)CC1=CCC1C2CCCC2(C)C(Nc3ccncc3)=CCC12,CC12CCCC(O)CC1=CCC1C2CCCC2(C)CC(n3cccn3)=CCC12,CSCCNC1=CCC2CCC3(C)C(n4cccn4)=CCCC3C12,CC12CCC(O)CC1=CCC1C2CCCC2(C)C(n3cccn3)=CC12,CC12CCC(O)CC1=CCC1C2CCC2(C)C(n3ccnc3)=CCC12,CC12CCC(O)CC1=CCC1C2CCC2(C)C(Oc3cnccc3)=CCC12,Cc1ncoc1C1=CCCC2C3CCC2(C)C(n2cccn3)=CCC12,CC12CCC(O)CC1=CCC1C2CCC2(C)C(n3cnc(C)c3)=CCC12,CC12CCC(O)CC1=CCC1C2CCC2(C)C(Oc3cc(F)ccn3)=CCC12
CHEMBL195794,CHEMBL443709,CC(=O)NCC1CN(c2ccc(N3CCC=N3)c(F)c2)C(=O)O1,CC(=O)NCC1CN(c2ccc(N3CCCNS3(=O)=O)c(F)c2)C(=O)O1,0.1263296397357241,0.2430045139775383,"(0.1, 0.3]",2.7931955259854524,2.9359809945732764,no_change,1.1928933020020729,1.2240602786725183,no_change,[*:1]N1CCC=N1>>[*:1]N1CCCNS1(=O)=O,[*:1]c1ccc(N2CC(CNC(C)=O)OC2=O)cc1F,N#Cc1ccc(N2CC(NCc3ccc(F)cc3)OC(=O)C2=O)cc1,CC(=O)NC1CN(c2ccc(-c3ccccn3)c(F)c2)C(=O)O1,O=C1CN(c2ccc(N3CCCO3)c(F)c2)C(=O)O1,CC(=O)NCC1CN(c2ccc(-c3cnco3)c(F)c2)C(=O)O1,CC(=O)NCC1CN(c2ccc(-c3ccncc3)c(F)c2)C(=O)O1,CC(=O)NCC1CN(c2ccc(N3CCC(N4CCCC4=O)C3)c(F)c2)C(=O)O1,CC(=O)NCC1CN(c2ccc(CN3CCOCC3)c(F)c2)C(=O)O1,O=C1CCCN1c1ccc(N2CC(NCc3ccccc3F)OC(=O)C2=O)c(F)c1,O=C1NC(=O)C(c2ccc(N3CCC(N4CCCC4=O)O3)cc2F)N1,COc1ccc2c(N3CCC(NC(=O)O)CC3)ccc(N3CCC=N3)c2c1F
CHEMBL1565334,CHEMBL1896568,Cc1noc(C)c1C(=O)N1CCN(Cc2ccc3c(c2)OCO3)CC1,CCCC(=O)N1CCN(Cc2ccc3c(c2)OCO3)CC1,1.4211278429902818,2.2657440502883146,"(0.7, 0.9]",2.3341783324107688,3.032306462522617,no_change,1.5644534181367669,1.7694668974917045,no_change,[*:1]c1c(C)noc1C>>[*:1]CCC,[*:1]C(=O)N1CCN(Cc2ccc3c(c2)OCO3)CC1,CC(C)CCN(Cc1ccc2c(c1)OCO2)C(=O)c1c(C)noc1C,Cc1noc(C)c1C(=O)N1CCN(Cc2ccc(-c3ccc(F)cc3)cc2)CC1,COc1ccc(CN2CCN(C(=O)c3c(C)noc3C)CC2)cc1,COc1ccccc1CN1CCN(C(=O)c2c(C)noc2C)CC1,Cc1c(Cl)noc1C(=O)N1CCN(Cc2ccc3c(c2)OCO3)CC1,Cc1c(Cl)cccc1N1CCN(C(=O)c2cc(C)on2)CC1,Cc1noc(C)c1C(=O)N1CCN(Cc2ccc(-c3ccsc3)cc2)CC1,O=C(c1cccnc1)N1CCN(Cc2ccc3c(c2)OCO3)CC1,O=C(c1cccc2nc(CN3CCN(C(=O)c4c(C)noc4C)CC3)ccc12)N1CCOCC1,O=C(c1ccc(N2CCOCC2)cc1)N1CCN(Cc2ccc3c(c2)OCO3)CC1
CHEMBL1731326,CHEMBL1703818,COc1ccc(C(=O)CCC(=O)N2CCN(c3ccccc3)CC2)cc1,Cc1cc(C(=O)CCC(=O)N2CCN(c3ccccc3)CC2)c(C)s1,3.0237217075579155,3.6447679015660217,"(0.5, 0.7]",1.614823216034441,1.4647870100814349,no_change,1.6195026482719137,2.377633320715213,no_change,[*:1]c1ccc(OC)cc1>>[*:1]c1cc(C)sc1C,[*:1]C(=O)CCC(=O)N1CCN(c2ccccc2)CC1,Cc1ccc(N2CCN(C(=O)CCC(=O)c3ccc(OC)cc3)CC2)cc1,COc1ccc(C(=O)CCC(=O)N2CCN(Cc3ccccc3Cl)CC2)cc1,Cc1cccc(C(=O)CCC(=O)N2CCN(c3ccccc3)CC2)c1,O=C(CCC(=O)N1CCN(c2ccccc2)CC1)c1ccc(Br)cc1,O=C(CCC(=O)N1CCN(c2ccccc2)CC1)c1ccc(Cl)cc1F,CCC(=O)c1ccc(C(=O)CCC(=O)N2CCN(c3ccccc3)CC2)cc1,O=C(CCC(=O)N1CCN(c2ccccc2)CC1)c1ccccc1,O=C(CCC(=O)N1CCN(c2ccccc2)CC1)c1ccccc1OC1CCCCC1,O=C(CCC(=O)N1CCN(c2ccccc2)CC1)c1cc2ccccc2o1,COc1ccc(C(=O)CCC(=O)N2CCN(c3ccc(F)cc3)CC2)cc1
CHEMBL559507,CHEMBL564639,CCOc1cc(C)c(Nc2nc(Cl)cn(C(C)C3CC3)c2=O)cc1C,Cc1cc(C)c(Nc2nc(Cl)cn(C(C)C3CC3)c2=O)cc1C,4.2231216455608935,4.194263381622674,"(-0.1, 0.1]",0.2607804064872383,0.2252261259031467,no_change,1.2633867328009307,1.4605430776312938,low->high,[*:1]OCC>>[*:1]C,[*:1]c1cc(C)c(Nc2nc(Cl)cn(C(C)C3CC3)c2=O)cc1C,CCOc1cc(C)c(Nc2nc(Cl)cn(CCN3CCOCC3)c2=O)cc1C,CCOc1cc(C)c(Nc2nc(Cl)cn(C3CC3)c2=O)cc1C,CCOc1cc(C)c(Nc2nc(Cl)cn(-c3ccccc3)c2=O)cc1C,COc1cc(C)c(Nc2nc(Cl)cn(C(OC)C(F)(F)F)c2=O)cc1C,Cc1cc(Br)c(Nc2nc(Cl)cn(C(C)C3CC3)c2=O)cc1C,CCOc1cc(C)c(Nc2nc(F)cn(C(C)C3CC3)c2=O)cc1C,Cc1cc(C(=O)OC(C)C)c(Nc2nc(Cl)cn(C(C)C3CC3)c2=O)cc1C,Cc1cccc(C)c1Nc1nc(Cl)cn(C(C)C2CC2)c1=O,CC(C)c1cc(C)c(Nc2nc(Cl)cn(C(C)C3CC3)c2=O)cc1C(C)C,Cc1cc(Nc2nc(C(C)C3CC3)cn(C(C)C3CC3)c2=O)ccc1F
CHEMBL3944278,CHEMBL3921821,CCCNC(=O)c1ccc(NC(=O)N2Cc3ccc(CO)cc3C2)cc1,CCCNC(=O)c1ccc(NC(=O)N2Cc3ccc(-c4cc[nH]n4)cc3C2)cc1,1.960417515186376,3.041048962848332,"(0.9, 1.1]",1.2375731689198082,-0.2454049757909645,no_change,0.8194976485922365,1.1563153027763649,no_change,[*:1]CO>>[*:1]c1cc[nH]n1,[*:1]c1ccc2c(c1)CN(C(=O)Nc1ccc(C(=O)NCCC)cc1)C2,CCNC(=O)c1ccc(NC(=O)N2Cc3ccc(CC)cc3C2)cc1,CC(C)NC(=O)c1ccc(NC(=O)N2Cc3ccc(CO)cc3C2)cc1,COc1ccc2c(CNC(=O)Nc3ccc(Br)cc3)ccc12,COc1ccc2c(c1)N(C(=O)Nc1ccc(N(C)CC(F)(F)F)cc1)C2,CCCNC(=O)c1ccc(NC(=O)N2Cc3ccc(F)cc3C2)cc1,CCCNC(=O)c1ccc(NC(=O)N2Cc3ccc(C)cc3C2)cc1,COc1ccc2c(c1)N(C(=O)Nc1ccc(C(=O)N(C)C)cc1)C2,COc1ccc2c(c1)CN(C(=O)Nc1ccc(Br)cc1)C2,O=C(NCCc1ccccc1)c1ccc(NC(=O)N2Cc3ccc(CO)cc3C2)cc1,CCCNC(=O)c1ccc(NC(=O)N2Cc3ccc(OC)cc3C2)cc1
CHEMBL610094,CHEMBL568023,C=CCCCCSc1nc(N)c2ncn(C3OC(CO)C(O)C3O)c2n1,Nc1nc(SCCC2CCCCC2)nc2c1ncn2C1OC(CO)C(O)C1O,2.234624010302505,3.084210037070198,"(0.7, 0.9]",2.638928468148229,1.2190626326349416,high->low,1.4586573005604324,1.5188195109697589,no_change,[*:1]CCCCC=C>>[*:1]CCC1CCCCC1,[*:1]Sc1nc(N)c2ncn(C3OC(CO)C(O)C3O)c2n1,Nc1nc(Nc2ccc(Cl)cc2)nc2c1ncn2C1OC(CO)C(O)C1O,COc1nc(NCC2CCCC2)nc2c1ncn2C1OC(CO)C(O)C1O,CCC(F)(F)c1nc(N)c2ncn(C3OC(CO)C(O)C3O)c2n1,Nc1nc(SC2CCC2)nc2c1ncn2C1OC(CO)C(O)C1O,CC(C)CC(Nc1nc(N)c2ncn(C3OC(CO)C(O)C3O)c2n1)CCCCC,Nc1nc(Sc2nccc(Cl)n2)c2ncn(C3OC(CO)C(O)C3O)c2n1,CCC(CCc1nc(N)c2ncn(C3OC(CO)C(O)C3O)c2n1)CC#CCC(F)(F)F,CCOC(=O)c1nc(N)c2ncn(C3OC(CO)C(O)C3O)c2n1,CCc1cc(C)nc(Nc2ncnc3c2ncn3C2OC(CO)C(O)C2O)c1,CCOc1ccccc1CSc1nc(N)c2ncn(C3OC(CO)C(O)C3O)c2n1
CHEMBL431933,CHEMBL1086734,Cn1cc(C2=C(c3ccccc3Cl)C(=O)NC2=O)c2ccccc21,Cn1cc(C2=C(Nc3ccccc3)C(=O)NC2=O)c2ccccc21,3.068218895733529,2.9021051660713035,"(-0.3, -0.1]",0.1689406756365605,0.1686543184304461,no_change,1.7555241984285002,1.8257343365326244,no_change,[*:1]c1ccccc1Cl>>[*:1]Nc1ccccc1,[*:1]C1=C(c2cn(C)c3ccccc23)C(=O)NC1=O,Cn1cc(C2=C(c3ccccc3)C(=O)NC2=O)c2ccccc21,Cn1cc(C2=C(c3ccccc3C(C)O)C(=O)NC2=O)c2ccccc21,CN1C(=O)C(Cc2ccccc2Cl)=C(c2ccccc2)NC1=O,Cn1cc(C2=C(c3ccc(C(F)(F)F)cc3)C(=O)NC2=O)c2ccccc21,Cn1cc(C2=C(c3ccccc3F)C(=O)NC2=O)c2ccccc21,Cn1cc(C2=C(c3ccccn3)C(=O)NC2=O)c2ccccc21,CCc1cc(C2=C(c3ccccc3Cl)C(=O)NC2=O)cc2ccccc12,COc1ccc(C2=C(c3ccccc3Cl)C(=O)NC2=O)cc1,COc1ccccc1C1=C(c2ccccc2Cl)C(=O)NC1=O,COc1ccccc1C1C(=O)NC(=O)C(c2ccccc2Cl)=C1c1cnn(C)c1
CHEMBL4078544,CHEMBL4073147,CCCCNc1nc(NC2CCN(C)CC2)c2cc(OC)c(OC)cc2n1,COc1cc2nc(N(C)C3CCOCC3)nc(NC3CCN(C)CC3)c2cc1OC,1.718289907448692,1.400993478760633,"(-0.5, -0.3]",3.11456851553116,3.127076137210602,no_change,1.186372475283349,1.1036293715012488,no_change,[*:1]NCCCC>>[*:1]N(C)C1CCOCC1,[*:1]c1nc(NC2CCN(C)CC2)c2cc(OC)c(OC)cc2n1,CCCCNc1nc(Nn2ccnn2)c2cc(OC)c(OC)cc2n1,COc1cc2nc(N(C)C)nc(NC3CCN(C)CC3)c2cc1OC,COc1cc2nc(NCC3CCN(C)CC3)nc(NCC3CCOCC3)c2cc1OC,COc1ccc2nc(NC3CCN(C)CC3)nc(NCC3CC3)c2c1OC,COc1cc(OC)c2nc(-c3ccncc3)nc(NC3CCN(C)CC3)c2c1OC,COc1cc2nc(OC)nc(NC3CCN(C)CC3)c2cc1OC,COc1cc2nc(NC(C)CN)nc(NC3CCN(C)CC3)c2cc1OC,COc1ccc2nc(N3CCOCC3)nc(NC3CCN(C)CC3)c2c1OC,COc1cc2nc(Nc3cc(F)cnc3F)nc(NC3CCN(C)CC3)c2cc1OC,CCCNc1nc(NCC)c2cc(OC)c(OC)cc2n1
CHEMBL113655,CHEMBL116849,CC(C)c1ccc(-c2c(N)nnc3c4ccccc4n(C)c23)cc1,Cc1ccc(-c2c(N)nnc3c4ccccc4n(C)c23)cc1,4.1544987986590565,3.312536661863632,"(-0.9, -0.7]",0.0449482480645935,0.3207739398974085,no_change,1.3819556383539608,1.5893618371190985,no_change,[*:1]C(C)C>>[*:1]C,[*:1]c1ccc(-c2c(N)nnc3c4ccccc4n(C)c23)cc1,Cn1c2ccccc2c2c(N)nnc(-c3ccc(O)cc3)c21,Cn1c2ccccc2c2nc(-c3cc(F)ccc3F)c(N)nc21,Cc1ccc2nnc(N)c(-c3ccc(F)cc3)c2c1,CNc1nnc2c3ccccc3n(C)c2c1-c1ccc(C#N)cc1,CNc1nnc2c3ccccc3n(C)c2c1-c1ccc(F)cc1,Cn1c2c3nc(C)ccc3c(N)c(N)c21,Cc1cc(F)cc(-c2c(N)nnc3c4ccccc4n(C)c23)n1,CCOCc1ccc(-c2c(N)nnc3c4ccccc4n(C)c23)cc1,Cn1c2ccccc2c2c(N)nnc(Nc3ccccc3)c21,Cc1ccc(-c2c(N)nnc3c4ccccc4n(C)c23)cc1
CHEMBL3459827,CHEMBL3495895,Cc1cc(NC(=O)CN2CCc3c(nc(C(C)C)n3C)C2)on1,CC(C)c1cc(NC(=O)CN2CCc3c(nc(C(C)C)n3C)C2)on1,0.9889682326916384,1.9295150653736928,"(0.9, 1.1]",3.0451873192724026,3.17917883086313,no_change,1.1986839770230129,1.5068782269923513,low->high,[*:1]C>>[*:1]C(C)C,[*:1]c1cc(NC(=O)CN2CCc3c(nc(C(C)C)n3C)C2)on1,CC(C)c1nc2c(n1C)CCN(C(=O)Nc1cccnc1)CC2,CCC(CC)NC(=O)CN1CCc2c(nc(C(C)C)n2C)C1,CC(C)n1cc1CN1CCN(CC(=O)Nc2ccc(F)cc2F)CC1,Cc1cc(NC(=O)CN2CCc3c(nc(C)n3C)C2)co1,CC(C)c1nc2c(n1C)CN(CC(=O)Nc1cc(C(F)(F)F)nn1C)CC2,Cc1cc(NC(=O)CN2CCc3c(nc(-c4ccc[nH]4)n3C)CC2)on1,COC(=O)c1ccc(NC(=O)CN2CCc3c(nc(C(C)C)n3C)C2)o1,Cc1cc(NC(=O)CN2CCc3c(nc(-c4ccccc4)n3C)C2)on1,COc1ccccc1NC(=O)CN1CCc2c(nc(C(C)C)n2C)C1,CC(C)c1nc2c(n1C)CN(CC(=O)Nc1ccccn1)CC2
CHEMBL1880619,CHEMBL1874105,c1ccc(Cc2c(-c3ccco3)nc3c4ccccc4ccn23)cc1,Fc1cccc(Cc2c(-c3ccco3)nc3c4ccccc4ccn23)c1,3.8531832757560784,4.012350739275571,"(0.1, 0.3]",0.5475142451304282,0.2751898768313585,no_change,1.9827166370659528,1.9901380691242745,no_change,[*:1][H]>>[*:1]F,[*:1]c1cccc(Cc2c(-c3ccco3)nc3c4ccccc4ccn23)c1,Clc1cc(Cc2c(-c3ccco3)nc3c4ccccc4ccn23)cc(C(F)(F)F)c1,Fc1ccc(-c2nc3ccccc3c3cn23)cc1,c1ccoc1-c1c(Cc2ccccc2)nc2ccccc2c1,CN(Cc1c(-c2ccco2)nc2c3ccccc3ccn12)c1ccccc1,Oc1cccc2nc3c(-c4ccco4)c(CCc4ccccc4)cc3cc2n1,CC(O)CC(=O)Nc1c2c(nc3ccccc23)c2ccccc12,c1ccc(Cc2c(-c3ccco3)nc3cc4ccccc4c23)cc1,CC(C)c1c(-c2ccco2)nc2c3ccccc3ccn12,CC(=O)c1c(-c2ccco2)nc2c3ccccc3ccn12,Clc1cccc(-c2nc3c4ccccc4cn23)c1
CHEMBL3654770,CHEMBL3658643,O=C(NCc1ccc(F)cc1)Nc1cc2[nH]nc(C3CC3)c2cn1,Cc1cc(-c2n[nH]c3cc(NC(=O)NCc4ccc(F)cc4)ncc23)ccn1,4.060854985410485,4.053815351065454,"(-0.1, 0.1]",0.8656879209246012,-0.0629734733543916,no_change,0.9973668729480352,1.4681490053150204,low->high,[*:1]C1CC1>>[*:1]c1ccnc(C)c1,[*:1]c1n[nH]c2cc(NC(=O)NCc3ccc(F)cc3)ncc12,O=C(NCc1cccnc1)Nc1cc2[nH]nc(C3CC3)c2cn1,O=C(NCc1ccc(F)cc1)c1cc2[nH]nc(N3CCOCC3)c2cn1,COc1ccc(C(=O)Nc2cc3[nH]nc(C4CC4)c3cn2)cc1,CSc1ccc(NC(=O)Nc2cc3[nH]nc(C4CC4)c3cn2)s1,O=C(Nc1cc2[nH]nc(C3CC3)c2cn1)C1CCC1,C#COc1cc(NC(=O)Nc2cc3[nH]nc(C4CC4)c3cn2)ccc1F,O=C(NCc1ccc(F)cc1)Nc1cc2[nH]nc(-c3ccccn3)c2cn1,COc1cccc(CNC(=O)Nc2cc3[nH]nc(C4CC4)c3cn2)c1,O=C(NCc1ccc(F)cc1)c1cc2n[nH]c(-c3ccncc3)c2cn1,O=C(NCc1ccc(F)cc1)Nc1cc2[nH]nc(-c3ccc([N+](=O)[O-])cc3)c2cn1
CHEMBL1444975,CHEMBL1584926,CC(C)c1ccc(NC2CCCN(C(=O)c3ccncc3)C2)cc1,Cc1ccc(C(=O)N2CCCC(Nc3ccc(C(C)C)cc3)C2)cn1,2.8210726579624463,3.0582027487208783,"(0.1, 0.3]",2.190342442495262,1.9105378415510457,no_change,1.7082102614854937,1.4264057261091665,no_change,[*:1]c1ccncc1>>[*:1]c1ccc(C)nc1,[*:1]C(=O)N1CCCC(Nc2ccc(C(C)C)cc2)C1,COc1ccc(NC2CCCN(C(=O)c3ccncc3)C2)cc1,Cc1ccc(NC2CCCN(C(=O)c3ccncc3)C2)cc1,O=C(c1ccncc1)N1CCCC(Nc2ccc(Br)cc2)C1,CC(C)c1ccc(NC2CCCN(C(=O)c3cscn3)C2)cc1,Nc1ccc(NC2CCCN(C(=O)c3ccncc3)C2)cc1,O=C(c1ccncc1)N1CCCC(Nc2ccc(Cl)cc2)C1,CC(C)c1ccc(NC2CCCN(C(=O)c3cnc(Br)o3)C2)cc1,CC(C)c1ccc(NC2CCCN(C(=O)c3c[nH]cn3)C2)cc1,CC(C)c1ccc(NC2CCCN(C(=O)C(F)(F)F)C2)cc1,O=C(c1ccncc1)N1CCCN(c2ccc(C(F)(F)F)cc2)C1
CHEMBL1393208,CHEMBL2356544,Cc1cc(C(=O)OCC(=O)NCc2cccs2)c2ccccc2n1,COc1ccc(CNC(=O)COC(=O)c2cc(C)nc3ccccc23)cc1,2.728823340542016,2.870915050895848,"(0.1, 0.3]",1.4930814453817915,0.9302964768584836,no_change,2.3577767294043848,2.2692371325342338,no_change,[*:1]c1cccs1>>[*:1]c1ccc(OC)cc1,[*:1]CNC(=O)COC(=O)c1cc(C)nc2ccccc12,Cc1cc(C(=O)OCC(=O)NCC2=CCCO2)c2ccccc2n1,Cc1cc(C(=O)OCC(=O)NCc2cccnc2)c2ccccc2n1,Cc1cc(C(=O)OCC(=O)NCc2ccccc2N)c2cc(C)oc2n1,Cc1cc(C(=O)OCC(=O)Nc2ccn(C)c2)c2ccccc2n1,Cc1cc(C(=O)OCC(=O)NC2CCCC2)c2ccccc2n1,COc1cccc(C(=O)OCC(=O)NCc2cccs2)c1,Cc1cc(C(=O)OC(=O)Nc2ccccc2)c2ccccc2n1,Cc1cc(C(=O)OCC(=O)NCc2ccccc2)c2cc(F)ccc2n1,Cc1cc(C(=O)OCC(=O)NCC2CCCO2)c2ccccc2n1,Cc1cc(C(=O)OCC(=O)Nc2nc(N3CCCC3)sc2C)c2ccccc2n1
CHEMBL124533,CHEMBL127763,Nc1cc2ncnc(NCc3cccc(C(F)(F)F)c3)c2cn1,Nc1cccc(CNc2ncnc3cc(N)ncc23)c1,3.219257904733748,1.1203789488108002,"(-2.1, -1.9]",1.5894534160426763,2.5443293944059207,low->high,1.123710445855484,0.8811624927664807,no_change,[*:1]C(F)(F)F>>[*:1]N,[*:1]c1cccc(CNc2ncnc3cc(N)ncc23)c1,Nc1cc2ncnc(NCc3cccc(CN4CCNCC4)c3)c2cn1,CC(=O)Nc1cccc(CNc2ncnc3cc(N)cnc23)c1,O=C(NO)CNCc1cccc(CNc2ncnc3cc(N)ncc23)c1,Cc1cc(CNc2ncnc3cnc(N)nc23)c2cccc(OC(F)(F)F)c2n1,NC1CNC(CCO)CCN(c2cncc(Nc3cnc4cc(N)ccc4n3)c2)C1,Nc1cc2ncnc(NCc3cccc(OCC4CCNC4)c3)c2cn1,CNS(=O)(=O)N(C)CCNc1cncc2ccnc(NCc3cccc(C(F)(F)F)c3)c12,Nc1cc2ncnc(NCc3cccc(C4CNC4=O)c3)c2cn1,Cc1nc(N)c2c(NCc3cccc(C(F)(F)F)c3)ncnc2c1N,CS(=O)(=O)c1cccc(CNc2cnc3cc(N)ncc3n2)c1
CHEMBL3582197,CHEMBL3582198,N#Cc1cc2c(cn1)[nH]c1ncc(-c3ccccn3)cc12,N#Cc1cc2c(cn1)[nH]c1ncc(-c3cccnc3)cc12,3.1788291878269668,3.168532508240107,"(-0.1, 0.1]",0.2041047338584214,0.1003474470458154,no_change,2.2606240030867544,1.849818586997578,no_change,[*:1]c1ccccn1>>[*:1]c1cccnc1,[*:1]c1cnc2[nH]c3cnc(C#N)cc3c2c1,N#Cc1cc2c(cn1)[nH]c1ncc(C(F)(F)F)cc12,N#Cc1cc2c(cn1)[nH]c1ncc(Nc3cccnc3)cc12,N#Cc1cc2c(cn1)[nH]c1ncc(-c3cccc(C(F)(F)F)c3)cc12,N#Cc1cc2c(cn1)[nH]c1ncc(-c3csc(C4CC4)n3)cc12,Cc1nc2c(C#N)cc3c(c2[nH]1)[nH]c1ncc(-c4ccccn4)cc13,Cc1ccc(C(=O)O)c2cnc(-c3c[nH]c4nc(C#N)cc4c3)cc12,Cc1[nH]c2ncc(-c3ccccn3)cc2c1C#N,N#Cc1cc2c(cn1)[nH]c1ncc(-c3ccno3)cc12,N#Cc1cc2c(cn1)[nH]c1ncc(-c3ccncn3)cc12,N#Cc1cc2c(cn1)[nH]c1ncc(C(F)F)cc12
CHEMBL261631,CHEMBL1380869,CC(C)C(=O)NC(=S)Nc1ccc(N2CCOCC2)cc1,O=C(NC(=S)Nc1ccc(N2CCOCC2)cc1)c1cccc(Cl)c1Cl,1.8881382225470853,3.3727075109569444,"(1.3, 1.5]",1.566990285781611,0.5903226453708545,no_change,1.3581839910623703,1.8907899816675144,no_change,[*:1]C(C)C>>[*:1]c1cccc(Cl)c1Cl,[*:1]C(=O)NC(=S)Nc1ccc(N2CCOCC2)cc1,Cc1ccc(C(=O)NC(=S)Nc2ccc(N3CCOCC3)cc2)cc1,Nc1ccc(N2CCOCC2)cc1,Cn1cc(-c2ccc(NC(=S)NC(=O)C(C)C)cc2)cc1,CC(C)C(=O)NC(=S)Nc1ccc(S(=O)(=O)NC2CC2)cc1,O=C(Cc1ccc(Cl)cc1)Nc1ccc(N2CCOCC2)cc1,Cc1cccc(C(=O)Nc2ccc(N3CCOCC3)cc2)c1,Cc1cc(NC(=S)Nc2ccc(N3CCOCC3)cc2)nc(C(C)C)n1,CC1CC(=O)NC(=S)Nc2ccc(S(=O)(=O)Nc3ccccc3)cc21,CCC(C)C(=O)NC(=S)Nc1ccc(N2CCOCC2)cc1,CC(C)C(=O)NC(=S)Nc1ccc(-c2ccccn2)cc1
CHEMBL432717,CHEMBL351134,CC1(C)C(=O)Nc2ccc(-c3ccc(O)nn3)cc21,Cc1cc(O)nnc1-c1ccc2c(c1)C(C)(C)C(=O)N2,-0.3141220512518452,0.2053199948148592,"(0.5, 0.7]",2.531879772194496,2.474425656914905,no_change,0.3914428900337292,0.2834622061914298,no_change,[*:1][H]>>[*:1]C,[*:1]c1cc(O)nnc1-c1ccc2c(c1)C(C)(C)C(=O)N2,CCNC(=O)Cc1ccc2c(c1)NC(=O)C(C)(C)CO2,CC1(C)C(=O)Nc2ccc(-c3cccc[n+]3[O-])cc21,Nc1ccc(-c2ccc(NC(=O)C3CC3)cc2)nn1,CC1(C)C(=O)Nc2ccc(Oc3cccnc3)cc21,CC(C)(C)NC(=O)Nc1ccc(-c2ccc(O)nn2)cc1,CC1(C)C(=O)Nc2ccc(-c3ccc(CS(N)(=O)=O)nn3)cc21,CC1(C)C(=O)Nc2ccc(Cl)cc21,CC1(C)C(=O)Nc2ccc(-c3ccc(O)[nH]3)cc21,CC1(C)C(=O)Nc2ccc(C(=O)NC(C)(C)C)cc21,CC1(C)C(=O)Nc2ccc(F)cc21
CHEMBL3685029,CHEMBL3685059,O=C(Nc1cc2ccc(C3CCCC3)cc2cn1)C1CC1,O=C(Nc1cc2ccc(-c3cncnc3)cc2cn1)C1CC1,4.13727782191824,2.749440309245882,"(-1.5, -1.3]",-0.0099459429963535,0.7185572850784886,no_change,1.6835338575848002,1.2065228947077316,high->low,[*:1]C1CCCC1>>[*:1]c1cncnc1,[*:1]c1ccc2cc(NC(=O)C3CC3)ncc2c1,CN1CCCC(c2cc3cc(NC(=O)C4CC4)ncc3cc2)C1,CN1CCN(c2ccc3cc(NC(=O)C4CC4)ncc3c2)CC1,O=C(Nc1cc2ccc(C3CCCC3)cc2cn1)C1COCC1,O=C(Nc1cc2ccc(C3CCCO3)cc2cn1)C1CC1,Cn1cc(C(=O)Nc2cc3ccc(C4CCCC4)cc3cn2)cn1,O=C(Nc1cc2ccc(C3C(O)CC3)cc2cn1)C1CC1,O=C(Nc1cc2ccc(C3CCCC3)cc2cn1)c1cnco1,O=C(Nc1cc2ccc(C3CC3)cc2cn1)C1CC1,O=C(Nc1cc2ccc(N3CCNCC3)cc2cn1)C1CC1,O=C(Nc1cc2ccc(OC(F)F)cc2cn1)C1CC1
CHEMBL1540373,CHEMBL1603314,Cc1ccc(C(=O)Nc2ccccc2Sc2ccccc2)cc1,Cc1ccc(C(=O)Nc2ccccc2Cl)cc1,3.703841799106128,3.110367327963012,"(-0.7, -0.5]",-0.5949626733484883,1.0339022734287873,no_change,2.4492629728471123,2.552723301586142,no_change,[*:1]Sc1ccccc1>>[*:1]Cl,[*:1]c1ccccc1NC(=O)c1ccc(C)cc1,Cc1ccc(C(=O)Nc2ccccc2Sc2ccc(S(C)(=O)=O)cc2)cc1,O=C(Nc1ccccc1Sc1ccccc1)c1ccsc1,O=C(Nc1ccccc1)c1ccccc1,O=C(Nc1ccccc1Sc1ccccc1)c1cccnc1,CCOc1ccc(NC(=O)c2ccc(C)cc2)cc1,COc1ccc(NC(=O)c2ccc([N+](=O)[O-])cc2)cc1,O=C(Nc1ccccc1Sc1ccccc1)c1cccs1,COc1ccc(C(=O)Nc2ccccc2Sc2ccccc2)cc1,CCc1ccc(C(=O)Nc2ccccc2Sc2ccccc2)cc1,CS(=O)(=O)c1ccc(NC(=O)c2ccc(C)cc2)cc1
CHEMBL1569086,CHEMBL3759307,Oc1ccc(NCc2ccc(OCc3ccccc3)cc2)cc1,NS(=O)(=O)c1ccc(NCc2ccc(OCc3ccccc3)cc2)cc1,3.4283666573000784,3.3003512198651097,"(-0.3, -0.1]",0.936953250529352,0.1957558439087949,no_change,0.9507641239489352,0.8014748491364179,no_change,[*:1]O>>[*:1]S(N)(=O)=O,[*:1]c1ccc(NCc2ccc(OCc3ccccc3)cc2)cc1,COc1ccc(NCc2ccc(OCc3ccccc3)cc2)cc1,Oc1ccc(NCc2ccc(C(F)(F)F)cc2)cc1,O=C(NO)c1ccc(OCc2ccccc2)cc1,c1ccc(OCc2ccc(CNc3cccnc3)cc2)cc1,c1ccc(COc2ccc(CNc3ccccn3)cc2)cc1,c1ccc(OCc2ccc(CNc3ccc(N4CCCOC4)cc3)cc2)cc1,Oc1ccc(NCc2ccc(O)cc2)cc1,c1ccc(COc2ccc(CNc3ccc(F)cn3)cc2)cc1,O=C(Cc1ccc(OCc2ccccc2)cc1)Nc1ccccc1O,OCc1ccccc1CNc1ccc(OCc2ccccc2)cc1
CHEMBL3488437,CHEMBL3490089,O=C(CCc1ccsc1)N1CCC(Nc2cccnn2)CC1,Cc1cc(C)n(CCC(=O)N2CCC(Nc3cccnn3)CC2)n1,1.5056120144769285,0.7131791055330159,"(-0.9, -0.7]",2.7769590723987614,2.652839968164429,no_change,0.9063696930816628,0.5308307580955832,no_change,[*:1]c1ccsc1>>[*:1]n1nc(C)cc1C,[*:1]CCC(=O)N1CCC(Nc2cccnn2)CC1,O=C(CCc1cccs1)N1CCC(c2cccnn2)CC1,O=C(CCc1cccs1)N1CCC(NC2CCCO2)CC1,O=C(CCc1ccccc1)N1CCC(Nc2cccnn2)CC1,COCCC(=O)N1CCC(Nc2cccnn2)CC1,CCc1cnc(NCC(=O)N2CCC(Nc3cccnn3)CC2)s1,O=C(CCc1cccs1)N1CCC(Nc2ncccc2N2CCOCC2)CC1,O=C(CCc1cccs1)N1CCC(Nc2ccncn2)CC1,O=C(CCc1cccnc1)N1CCC(Nc2cccnn2)CC1,Cn1cc(C=CC(=O)N2CCC(Nc3cccnn3)CC2)cn1,CC(=O)Oc1ccc(NC2CCN(C(=O)CCc3cccs3)CC2)nc1
CHEMBL1479021,CHEMBL1402599,CCNC(=O)c1ccc2nc(CCc3ccccc3)oc2c1,COCCNC(=O)c1ccc2nc(CCc3ccccc3)oc2c1,3.293101453568993,2.9767749771337653,"(-0.5, -0.3]",1.1209301718454483,1.848776219232593,low->high,1.6317127583988085,1.6970728771376136,no_change,[*:1][H]>>[*:1]OC,[*:1]CCNC(=O)c1ccc2nc(CCc3ccccc3)oc2c1,C=CCNC(=O)c1ccc2nc(CCc3ccccc3)oc2c1,Cc1ccc2nc(CCc3ccccc3)oc2c1,c1ccc(CCc2nc3ccccc3o2)cc1,CN(C)CCCc1nc2ccc(C(=O)NCCNC(C)=O)cc2o1,CCNC(=O)c1ccc2nc(CCc3ccc(O)cc3)oc2c1,COC=Cc1cn2cc(CCc3ccccc3)oc2c1,CN1CCN=CC(c2nc3occ(CCc4ccccc4)c3o2)C1,CC(O)CNC(=O)c1ccc2nc(CCc3ccccc3)oc2c1,c1ccc(CCc2nc3ccc(CN4CCCCC4)cc3o2)cc1,COCCNC(=O)c1ccc2nc(CCc3ccccc3)oc2c1
CHEMBL137379,CHEMBL355515,Cc1nc2c(OCc3ccccc3)cccn2c1CO,Cc1nc2c(OCc3ccccc3)cccn2c1C#N,2.9152643763645374,3.337460764941672,"(0.3, 0.5]",1.6749156397509597,1.839495272978404,low->high,1.5451125395083325,1.8516056141726287,no_change,[*:1]CO>>[*:1]C#N,[*:1]c1c(C)nc2c(OCc3ccccc3)cccn12,Cc1nc2c(OCc3ccccc3)cccn2c1C(C)(C)NC1CCO1,Cc1nc2c(OCc3ccccc3)cccn2c1CCN1CCCC1,CC(=O)Nc1ccn(CO)c2nc(CO)c(CO)c12,COCC(O)c1cnc2c(CO)c(COc3ccccc3)ccn12,COC(=O)c1nc2c(OCc3ccccc3)cccn2c1CO,OCc1cccn2c(CO)c(CO)c2n1,COc1cccc(OCc2cccn3c(CO)c(CO)nc23)c1,Cc1c(C(C)(C)O)ccn2c(CO)c(COc3ccccc3)ccn12,C=CCCCOc1ccn2c(CO)c(CO)nc2c1CO,COc1ccc2c(C)nc3c(OCc4ccccc4)ccn3c2c1
CHEMBL1632550,CHEMBL82377,Nc1ccc(-c2ccccc2)cc1[N+](=O)[O-],Nc1ccc(-c2ccccc2)cc1F,2.718677733416933,3.6339290587204367,"(0.9, 1.1]",0.8961407964168828,2.128223374187588,low->high,1.6245043147702265,1.837607313257261,no_change,[*:1][N+](=O)[O-]>>[*:1]F,[*:1]c1cc(-c2ccccc2)ccc1N,O=[N+]([O-])c1cc(-c2ccccc2)ccc1Br,Nc1ccc(-c2ccccc2)cc1CC(C)N,Nc1ccc(-c2c(CN3CCCC3)cccc2[N+](=O)[O-])cc1[N+](=O)[O-],O=C1CCCCCN1,Cc1ccc(C(=O)Nc2cc(-c3ccccc3)ccc2[N+](=O)[O-])c(C)c1,CCC(C)CC(=O)c1ccc(-c2ccccc2)c([O-])c1,Nc1ccc(C(F)(F)F)cc1[N+](=O)[O-],O=[N+]([O-])c1cc(Cl)ccc1O,CC(C)NC(=O)c1ccc(-c2ccccc2)c([N+](=O)[O-])c1,COc1ccc(-c2ccccc2)c([N+](=O)[O-])c1C
CHEMBL401536,CHEMBL1981721,COc1ccc2c(OC)c3ccoc3nc2c1,COc1ccc2c(OC)c3ccoc3nc2c1O,3.5750949655318416,2.7664768320744417,"(-0.9, -0.7]",1.0780102621675565,1.6803283066321697,no_change,1.922213393576954,1.4572755882443658,no_change,[*:1][H]>>[*:1]O,[*:1]c1c(OC)ccc2c(OC)c3ccoc3nc12,COc1ccc2c(OC)c3ccoc3nc2n1,COc1ccc2c(OC)c3ccoc3nc2c1O,COc1ccc2c(O)c3ccoc3nc2c1,COc1ccc2[nH]cnc2c1,COc1ccc2c(OC)c3ocnc3nc2c1,CCOCCNc1ccc2c(OC)c3ccoc3nc2c1,COc1ccc2c(C)c3ccoc3nc2n1,COc1ccc2c(-c3nc[nH]n3)c3c(OC)c[nH]c3nc2c1,COc1ccc2c(OC)c3ccc(NS(C)(=O)=O)cc3nc2c1,C=CSc1ccc2c(OC)c3ccoc3nc2c1
